,x,y,time,index
0,-0.19995293691614302,1.0000901714184296,2457197.4325510915,569
1,-0.19964511716674105,1.000802819384739,2457181.6388814575,412
2,-0.19933729521272392,0.9996452009832045,2457165.8452118253,255
3,-0.19913190733321118,1.0000814540641105,2457150.051439759,98
4,-0.1974941761281186,0.9998160251251753,2457203.357751398,628
5,-0.19721192320610603,1.000023323614811,2457187.5640561967,471
6,-0.19689223219343566,1.0010646229043192,2457171.7703984333,314
7,-0.19663646721321681,1.0000963562793377,2457155.9766767444,157
8,-0.1965464179374976,1.0007869832558625,2457140.182789339,0
9,-0.1950167725031453,1.000388138671625,2457209.2829703465,687
10,-0.19477349552546785,0.9995704951960686,2457193.4892361695,530
11,-0.19445624200225398,1.0000731182278373,2457177.695575969,373
12,-0.194164222031191,1.0006155663396485,2457161.901890535,216
13,-0.19400036590709258,0.999968297967452,2457146.1080769366,59
14,-0.19232455629069234,0.9999642085077739,2457199.414426654,589
15,-0.19202379899320432,0.9993543219679453,2457183.6207499574,432
16,-0.19171030342206263,1.0002476619929754,2457167.827085999,275
17,-0.19148646848706852,1.0001120324069823,2457152.0333323795,118
18,-0.18986001248424467,0.999635043406056,2457205.339632743,648
19,-0.18958933913235976,1.0002257666228003,2457189.5459259623,491
20,-0.1892689810598953,0.9999545635328405,2457173.752268866,334
21,-0.18899957872321815,1.0001877747461156,2457157.9585608146,177
22,-0.18888317092315976,0.9997737340166998,2457142.164699768,20
23,-0.18737538083566596,0.9995496169752855,2457211.26485892,707
24,-0.18714799833291584,1.000190001751805,2457195.4711088487,550
25,-0.18683481241925426,1.0000151196990354,2457179.6774445805,393
26,-0.1865339980855345,0.9993722425377006,2457163.8837679406,236
27,-0.18634853492118308,1.0004160664314077,2457148.0899759494,79
28,-0.184694347595443,1.0001593403910511,2457201.3963040444,609
29,-0.18440228806499848,1.0000023536803717,2457185.60261865,452
30,-0.1840849320089899,0.9999351960461552,2457169.808958552,295
31,-0.18384425270825,0.9997671451927197,2457154.015221777,138
32,-0.18222375403396596,0.9999727442103699,2457207.321516183,668
33,-0.18196607305400248,0.9996767101057057,2457191.52779641,511
34,-0.18164654110831746,1.0001113572208047,2457175.734138488,354
35,-0.1813648198186999,0.9999016507102917,2457159.9404427554,197
36,-0.1812239936647817,0.9997948905169592,2457144.1466061273,40
37,-0.1797313036995427,0.9996404980578621,2457213.246750179,726
38,-0.17952124449517237,1.0002473796413605,2457197.4529827842,570
39,-0.17921358860033587,0.9998463326367647,2457181.659312986,413
40,-0.17890549976419345,1.0001779634420043,2457165.8656436205,256
41,-0.1787000125824112,1.000063580964323,2457150.0718716537,99
42,-0.17706242759496282,0.999831908607575,2457203.3781831465,629
43,-0.1767802856458558,0.9998815963283159,2457187.584487834,472
44,-0.17646057749102928,0.9996205722710124,2457171.7908300883,315
45,-0.17620476256863737,1.0011113491895707,2457155.9971084488,158
46,-0.1761143336625537,1.0005676094686424,2457140.2032214236,1
47,-0.17458495132682872,1.0007366606018615,2457209.3034021677,688
48,-0.1743417309051698,0.9997048457523118,2457193.5096679344,531
49,-0.1740247091939655,0.9995709292920726,2457177.716007502,374
50,-0.1737325893385564,0.9996849461980031,2457161.9223221675,217
51,-0.1735684013070995,0.9991576947868342,2457146.128508901,60
52,-0.17189274699601453,0.9998050851190965,2457199.4348584632,590
53,-0.17159216949471512,1.0008393191615945,2457183.641181587,433
54,-0.17127862380677739,0.9998554343922836,2457167.8475176785,276
55,-0.171054606099728,0.9993127281312046,2457152.0537642417,119
56,-0.16942834148369323,0.9999514572804458,2457205.3600644143,649
57,-0.16915779450064017,1.000260485220035,2457189.566357507,492
58,-0.16883733578713,1.000146483860398,2457173.7727005114,335
59,-0.16856780015490935,0.9997138127301743,2457157.978992593,178
60,-0.1684511285577317,1.0006526474176498,2457142.1851318106,21
61,-0.16694343171891068,1.0002850400376866,2457211.2852908694,708
62,-0.16671632064575936,1.0003636832791984,2457195.491540526,551
64,-0.16610218518198172,1.0001205830383502,2457163.9041997534,237
65,-0.16591650664928492,1.0004365995159936,2457148.110407978,80
66,-0.16426271955214533,1.0002443515941077,2457201.4167356724,610
67,-0.16397055550984563,1.0001185830047583,2457185.6230503824,453
68,-0.1636531660208118,0.9992237070667515,2457169.8293903177,296
69,-0.16341232036257702,1.0003428067942968,2457154.0356537094,139
70,-0.1617919587018508,0.9996580603284104,2457207.341947979,669
71,-0.16153441934112633,1.000440248961595,2457191.548228064,512
72,-0.16121480316895598,0.9992603999109567,2457175.754570226,355
74,-0.16079189135273886,1.0005994324230114,2457144.1670382293,41
75,-0.1592993250132957,1.001056057427606,2457213.267182158,727
76,-0.1590894518478856,0.9999967513188435,2457197.4734145766,571
77,-0.15878186003968375,0.9993694222656122,2457181.6797447144,414
78,-0.15847380478208573,0.9999969778315133,2457165.8860753155,257
79,-0.15826811830454846,1.0002596577919718,2457150.092303548,100
80,-0.15663067883625237,0.9999615157441241,2457203.398614895,630
81,-0.15634854804118836,0.9998798800947626,2457187.604919572,473
82,-0.15602902302949095,0.9995898371522957,2457171.8112616427,316
83,-0.15577285839547228,0.999599161628002,2457156.017540353,159
84,-0.1556823503196938,0.9999026017039423,2457140.223653407,2
85,-0.15415302991692004,0.9997387335499648,2457209.323834089,689
86,-0.15391016613359954,0.9997695873397302,2457193.530099499,532
87,-0.1535929764932935,1.0001850189886317,2457177.7364392346,375
88,-0.1533007568699536,0.9999164719441699,2457161.942754,218
89,-0.15313653717352915,1.0000179258031454,2457146.1489407653,61
90,-0.15146113746275303,0.9994653279097633,2457199.455290073,591
91,-0.15116053993801826,1.0004462448027933,2457183.661613216,434
92,-0.15084704442508423,0.9999058116021097,2457167.8679492576,277
93,-0.15062284394597958,0.9994843063734185,2457152.074196004,120
94,-0.1489965701331344,1.000323830758198,2457205.3804961857,650
95,-0.1487261497881236,1.0005606847113493,2457189.5867891517,493
96,-0.14840569063078002,1.0000875543824028,2457173.7931321566,336
97,-0.14813602205226184,1.0000109887024933,2457157.9994243714,179
98,-0.14801918665872638,1.0003276079364598,2457142.2055637524,22
99,-0.1465116826036783,1.0001280750426718,2457211.3057226185,709
100,-0.14628464289311927,1.000045072497116,2457195.511972204,552
101,-0.14597145319595972,0.999912423456296,2457179.7183079394,395
102,-0.14567057250550652,1.0003272437257238,2457163.924631366,238
103,-0.1454846783716337,1.0002158142417013,2457148.130839806,81
104,-0.14383099128253152,1.0001944009008417,2457201.437167401,611
105,-0.1435390229343878,1.0006041705746815,2457185.643481915,454
106,-0.14322150014253454,0.9995628066564906,2457169.849821984,297
107,-0.14298058824398163,1.0000248290905855,2457154.0560854413,140
108,-0.14136006314341953,1.0005241459422978,2457207.362379874,670
109,-0.14110286552714824,1.0003233281445734,2457191.5686596176,513
110,-0.1407832652311174,1.000042132594267,2457175.775001764,356
111,-0.14050131111813213,1.0001195038901889,2457159.9813062637,199
112,-0.1403598894998428,0.9998676659387683,2457144.187470231,42
113,-0.13886744609497947,1.0003823696134497,2457213.287614037,728
115,-0.13835023147251713,0.9998954211204316,2457181.700176343,415
116,-0.1380422098080154,1.0004211817930901,2457165.9065069105,258
117,-0.1378361244843096,0.9999872565448906,2457150.1127355415,101
118,-0.13619892995385063,1.0000284292110768,2457203.419046644,631
119,-0.1359170103580083,1.0002529323102578,2457187.6253511095,474
120,-0.13559726855915377,1.0007634076563994,2457171.831693397,317
121,-0.13534105444862332,1.0006992685457512,2457156.037972157,160
122,-0.13525016698258696,1.0002683411391557,2457140.2440855904,3
123,-0.13372130828297957,1.0004933353242076,2457209.344265811,690
124,-0.1334785012448525,1.00020263921821,2457193.550531164,533
125,-0.13316134379338296,0.9999134276926159,2457177.756870867,376
126,-0.13286902440211223,0.9996276809409139,2457161.9631857323,219
127,-0.13270447351137316,1.0005568318043279,2457146.169372829,62
128,-0.1310294277541071,1.0002308391595816,2457199.4757217825,592
129,-0.1307289103303897,1.0008016064397673,2457183.682044846,435
130,-0.13041526504914414,1.000562875585851,2457167.888381037,278
131,-0.13019088203081486,1.0003906210018485,2457152.0946279657,121
132,-0.12856469867267473,0.9997340723567123,2457205.400928057,651
133,-0.1282944050166379,1.0008921458678504,2457189.6072208965,494
134,-0.12797414559888276,0.9996165914752632,2457173.8135637017,337
135,-0.12770424418972093,1.0011031319517654,2457158.019856149,180
136,-0.1275870452311354,0.9997459053415467,2457142.225995894,23
137,-0.12607983302929915,0.9997342331451157,2457211.326154468,710
138,-0.12585296490764852,0.9999339814795256,2457195.532403882,553
139,-0.1255399236400243,0.9998796829001474,2457179.738739469,396
140,-0.12523886006110052,1.0009169467802632,2457163.9450630783,239
141,-0.12505275079898892,1.0002285533369852,2457148.1512717335,82
142,-0.12339916277204965,0.9997566742663451,2457201.457599229,612
143,-0.12310739026358108,0.9999350870876015,2457185.6639135475,455
144,-0.12278993438143404,0.9997476289079079,2457169.8702535494,298
145,-0.12254865659680059,1.0003490989039296,2457154.0765173733,141
146,-0.12092836734640455,0.9995390976669298,2457207.38281157,671
147,-0.1206711116316117,1.0004344850636657,2457191.5890913717,514
148,-0.12035162741620864,1.0005373453843438,2457175.7954334016,357
149,-0.12006955722987156,1.000748652922525,2457160.001738018,200
150,-0.11992798811336947,1.0005418108268143,2457144.2079021325,43
151,-0.11843546695034712,0.9999457187860843,2457213.308046016,729
152,-0.11822606613282938,0.9998555598467538,2457197.5142779625,573
153,-0.11791850290458905,0.9999359217381228,2457181.7206080714,416
154,-0.11761041505797687,1.0001086410409687,2457165.926938705,259
155,-0.11740433066559364,1.0002398343632253,2457150.1331673353,102
156,-0.11576718072220293,0.9998193741256328,2457203.439478393,632
157,-0.11548537260858316,1.0001754676120629,2457187.6457827473,475
158,-0.11516561420599336,1.00040684306094,2457171.8521250514,318
159,-0.114909250734605,0.9994745437009359,2457156.058403961,161
160,-0.1148180841046269,1.000078448060287,2457140.2645176733,4
161,-0.11328948629175573,1.0000215901483096,2457209.364697633,691
162,-0.11304673624620465,0.9995526828363566,2457193.5709629287,534
163,-0.11272981110150981,1.0005867319701067,2457177.7773023997,377
164,-0.11243719240644667,0.9996837821948317,2457161.983617564,220
165,-0.11227251030836394,1.0010088539354225,2457146.1898047924,63
166,-0.11059761787007671,0.9997403977131563,2457199.4961535926,593
167,-0.11029728077369283,0.9995168320686058,2457183.7024764754,436
168,-0.10998358589952018,1.000246728856269,2457167.908812716,279
169,-0.10975902057479692,1.0001420929893705,2457152.1150598275,122
170,-0.10813292697286991,1.0000311112381841,2457205.4213598287,652
171,-0.10786286013025981,0.9993039384313925,2457189.6276524416,495
172,-0.10754240055818665,1.0006431515914513,2457173.833995447,338
173,-0.10727236631914261,1.000075147298156,2457158.040288027,181
174,-0.1071550042626912,0.9996540063591856,2457142.2464279346,24
175,-0.1056478829812213,1.0001890134084421,2457211.346586418,711
176,-0.10542128681303842,0.9997591486463999,2457195.55283556,554
177,-0.10510819408984196,0.9996723239558889,2457179.7591711986,397
178,-0.10480704785603967,1.000044619854104,2457163.9654948907,240
179,-0.10462072345113738,0.9997412623494665,2457148.171703761,83
180,-0.10296743403677455,1.0001669483852094,2457201.478030958,613
181,-0.10267565759201291,1.0000040694378456,2457185.6843452803,456
182,-0.10235816874250192,1.0005324094941548,2457169.8906853152,299
183,-0.10211682517593568,0.9996817361489008,2457154.0969492043,142
184,-0.10049657119938216,0.9989432205150812,2457207.403243366,672
185,-0.10023945762769726,0.9991745618399268,2457191.609523026,515
186,-0.09991998971043925,1.0003439536578413,2457175.8158650394,358
187,-0.09963770334084954,1.0001026322561846,2457160.0221698717,201
188,-0.09949588719831048,1.000109012444078,2457144.2283342336,44
189,-0.09800368733430043,1.0003844804085553,2457213.3284777952,730
190,-0.09779437302064276,1.0001811026581062,2457197.5347096557,574
191,-0.09748697439639153,1.0001032442755509,2457181.7410396,417
192,-0.09717872030869978,1.0005786775869827,2457165.9473704,260
193,-0.09697243755188412,0.9999279995126051,2457150.1535992287,103
194,-0.09533543125772459,0.9994844252961708,2457203.4599101427,633
195,-0.09505373478639845,1.0005003391026233,2457187.666214385,476
196,-0.09473405997728568,0.9993743252110179,2457171.872556606,319
197,-0.09447744726069329,1.0003302782905972,2457156.0788357644,162
198,-0.09438610216602683,1.0004578761614957,2457140.284949655,5
199,-0.09285756395052447,0.9997610170208086,2457209.385129555,692
200,-0.09261507109552314,1.000533208392677,2457193.591394594,535
201,-0.09229807851725313,1.0006470332998483,2457177.7977341325,378
202,-0.09200556040502805,1.0001658055401732,2457162.0040491964,221
203,-0.09184064711339213,0.999968909057231,2457146.2102366555,64
204,-0.09016590781946077,1.000921907680965,2457199.5165853025,594
205,-0.08986565116606426,0.9995303316290485,2457183.7229081052,437
206,-0.08955180698196541,1.000345347707318,2457167.929244495,280
207,-0.08932725935237107,0.9997651045493043,2457152.1354915886,123
208,-0.08770125504827186,1.0003552072471615,2457205.4417915004,653
209,-0.08743111518415114,1.0001045030541684,2457189.6480841865,496
210,-0.08711075564194326,0.9994525476785727,2457173.854427092,339
211,-0.08684068892302443,0.9995280802280764,2457158.0607197043,182
212,-0.08672296375990829,1.0005180217947867,2457142.266859975,25
213,-0.08521613293466634,0.9999151337007602,2457211.367018168,712
214,-0.08498960859473703,0.9998861376418621,2457195.573267238,555
215,-0.0846765645331451,0.9999430434410317,2457179.779602828,398
216,-0.08437543564522576,1.0006289285792462,2457163.985926503,241
217,-0.08418879633687792,1.0004509547119562,2457148.192135688,84
218,-0.0825358050621543,0.9994461734157587,2457201.498462587,614
219,-0.08224412486375998,1.0001632664810933,2457185.7047768133,457
220,-0.08192650321347061,1.00001397437177,2457169.9111169805,300
221,-0.08168499398790141,0.9996173692409495,2457154.117381036,143
222,-0.08006467482604362,1.000339421056828,2457207.423675263,673
223,-0.07980770350660604,1.000457636055057,2457191.62995478,516
224,-0.07948825200390841,1.0004915237734548,2457175.8362967772,359
225,-0.07920604992628766,1.0001458271776007,2457160.0426015253,202
226,-0.079063886276737,0.9991935101601298,2457144.2487662346,45
227,-0.0775718074919376,1.00051839247963,2457213.348909675,731
228,-0.07736267972655719,1.0004722762855867,2457197.555141349,575
229,-0.07705534583650087,0.9995996434813276,2457181.7614712287,418
230,-0.07674702603235994,1.0011436317538436,2457165.9678020943,261
231,-0.07654044443013719,0.9996092514408528,2457150.174031222,104
232,-0.07490358168334543,0.9999625221181422,2457203.4803419923,634
233,-0.07462209694238586,0.9999573399265725,2457187.686646023,477
234,-0.07430230585619446,1.000018348323078,2457171.8929883596,320
235,-0.07404564424516691,1.0004620546768175,2457156.099267567,163
236,-0.0739539202186279,0.9993954453796773,2457140.3053818373,6
237,-0.07242584150167675,0.9996687717550123,2457209.4055612776,693
238,-0.0721834058284263,1.0005179440204,2457193.611826259,536
239,-0.0718664459337579,0.9996859024174397,2457177.818165765,379
240,-0.07157382886850927,1.0003401574514554,2457162.0244809277,222
241,-0.07140858437528275,0.9994259708219667,2457146.2306687185,65
242,-0.06973419758694588,1.0006208885637402,2457199.537017013,595
243,-0.06943392155039829,0.9997694795011538,2457183.7433398347,438
244,-0.0691202280732095,0.99971150130821,2457167.949676074,281
245,-0.06889529836852892,1.0000225657286674,2457152.1559235496,124
246,-0.067269382765629,1.0003549254883388,2457205.462223373,654
247,-0.06699947014421648,0.9986626846351377,2457189.668515831,497
248,-0.06667921083560069,0.9996324142730914,2457173.8748586364,340
249,-0.0664089117516995,0.9997329524566132,2457158.0811514817,183
250,-0.06629092373006262,1.0004006572787718,2457142.2872920153,26
251,-0.06478428242896461,1.0008836098868241,2457211.3874500184,713
252,-0.06455783020832717,1.0000101743912224,2457195.5936990166,556
253,-0.06424503497720968,1.0004619246252828,2457179.8000343577,399
254,-0.06394372366648104,0.9997862723995325,2457164.0063582147,242
255,-0.06375696969631717,1.000389802383861,2457148.2125675147,85
256,-0.062103975969595826,0.9998204648189847,2457201.5188944163,615
257,-0.06181239211215628,0.9998690273546312,2457185.725208546,458
258,-0.06149493780161608,1.0004586962293773,2457169.931548546,301
259,-0.061253163039973746,1.0000099410394983,2457154.137812867,144
260,-0.05963287821335994,0.9992118404976135,2457207.4441070594,674
261,-0.05937614927789836,0.9999838638481717,2457191.650386334,517
262,-0.05905671442259175,1.0002957762901938,2457175.856728315,360
263,-0.058774296736519016,0.9996963340015161,2457160.063033278,203
264,-0.05863198628724753,1.000484349533622,2457144.2691981345,46
265,-0.05713982740870671,0.9998706030320094,2457213.369341655,732
266,-0.05693098631605631,1.0003654400599402,2457197.5755730425,576
267,-0.05662361726857279,0.9991099750370761,2457181.7819029572,419
268,-0.056315331748744146,0.9998111736778346,2457165.9882337884,262
269,-0.05610865200840509,1.000126009099356,2457150.194463014,105
270,-0.05447183186962112,0.9993163092319627,2457203.500773742,635
271,-0.05419045900378583,1.0001997134329206,2457187.7070776606,478
272,-0.053870651852280016,0.9996237394650512,2457171.9134200136,321
273,-0.05361384146247117,0.9999132957885235,2457156.11969937,164
274,-0.053521838737651706,0.9995880686797883,2457140.3258139184,7
275,-0.05199401869554565,0.9996109096704072,2457209.4259931007,694
276,-0.05175174045219011,1.000157739564615,2457193.6322579244,537
277,-0.051434813473953955,1.0005037947465372,2457177.8385973973,380
278,-0.051142097339266446,0.9995978728825445,2457162.0449126596,223
279,-0.0509766221035961,0.999866734657768,2457146.2511006803,66
280,-0.049302487128876304,0.9999692568747321,2457199.5574487234,596
281,-0.04900239187804756,0.9990312918641214,2457183.7637713645,439
282,-0.04868854938924683,0.9998263575285754,2457167.970107753,282
283,-0.048463537844595006,0.9997998361131532,2457152.1763553103,125
284,-0.04683761036733225,1.0006755190424907,2457205.482655145,655
285,-0.046567925003179855,0.999371057670573,2457189.6889473763,498
286,-0.04624746614415054,1.0001827096546156,2457173.8952903813,341
287,-0.04597703481244375,0.9998945274662897,2457158.1015833584,184
288,-0.04585888415860229,1.0003734315297372,2457142.307724055,27
289,-0.04435233168239483,1.0004195585128977,2457211.407881969,714
290,-0.04412615169898748,1.0002996114041358,2457195.6141306954,557
291,-0.04381330548523499,0.9999681761257473,2457179.820466087,400
292,-0.043511912159912125,0.9998483267848179,2457164.0267900266,243
293,-0.04332494351261884,0.9996398168569608,2457148.232999541,86
294,-0.041672246652244116,0.9996487696519581,2457201.5393261453,616
295,-0.041380759324934235,0.9997407921172753,2457185.7456401787,459
296,-0.041063172628345246,1.0002042301267673,2457169.9519803114,302
297,-0.04082133255043141,1.0001148669228912,2457154.1582446974,145
298,-0.03920118136860706,1.0000405027661845,2457207.4645387563,675
299,-0.03894449495384178,0.9997636424241038,2457191.6708179885,518
300,-0.03862497683247623,0.9997867761303982,2457175.8771600523,361
301,-0.038342443545988925,1.0005355552003161,2457160.0834651315,204
302,-0.03819988630351112,0.9990258443488983,2457144.2896302347,47
303,-0.03670804686133744,1.0002045001718436,2457213.389773436,733
304,-0.03649929268000074,0.9995876333351379,2457197.596004736,577
305,-0.03619208870944357,0.9996434566839119,2457181.8023344856,420
306,-0.03588363769795899,0.9995085099346946,2457166.0086654825,263
307,-0.03567665959242605,0.9992294599102676,2457150.2148950067,106
308,-0.034040181714688256,1.0002093575317772,2457203.521205392,636
309,-0.033758821006978135,0.9996296685406407,2457187.727509299,479
310,-0.0334390979728183,0.998905721782939,2457171.9338515676,322
311,-0.03318203891988203,0.9997380894047723,2457156.1401311727,165
312,-0.03308985772309825,0.9994021305529507,2457140.3462459,8
313,-0.03156209553940714,0.9996658608888094,2457209.4464250235,695
314,-0.0313200749231588,0.9994689524722385,2457193.65268959,538
315,-0.031003181006874048,0.9995893791871099,2457177.85902903,381
316,-0.03071036626840895,0.9993512918575799,2457162.0653443905,224
317,-0.030544660304846705,0.9997350058657228,2457146.271532642,67
318,-0.02887077654711545,0.9998516101549637,2457199.5778804338,597
319,-0.028570662211449882,0.999650220079223,2457183.784203094,440
320,-0.028256870705284154,0.9999276862250877,2457167.9905394316,283
321,-0.028031677552730283,0.9998458375346361,2457152.1967871706,126
322,-0.026405837627065498,0.9993078596968947,2457205.503086918,656
323,-0.026136179802412673,0.9992994087247902,2457189.7093791217,499
324,-0.02581582145346184,0.998287920655263,2457173.915722026,342
325,-0.025545358340372193,0.9991388416423015,2457158.122015035,185
326,-0.025426845052803237,0.9989242754207129,2457142.328156094,28
327,-0.02392058047168666,0.999307884258648,2457211.4283137205,715
328,-0.023694573015786258,0.999322574705112,2457195.634562274,558
329,-0.023381675986745787,0.9990257813821929,2457179.8408977166,401
330,-0.023080200413998053,0.9992375826382806,2457164.047221738,244
331,-0.022893017562512608,0.9992677157666251,2457148.253431467,87
332,-0.021240617095547254,0.9997870254517693,2457201.559757775,617
333,-0.02094922645843811,1.0000262623089806,2457185.7660717117,460
334,-0.020631507448559905,0.9996627696876651,2457169.972411976,303
335,-0.02038950229371972,0.9987900193614235,2457154.1786765275,146
336,-0.01876928418036128,0.9993757848446345,2457207.4849706534,676
337,-0.018512740527160343,0.9984793994504324,2457191.6912497426,519
338,-0.018193439360298935,0.998947490555022,2457175.89759159,362
339,-0.017910790829918977,0.9999222236220815,2457160.103896784,205
340,-0.01776788724458278,0.9993325950656359,2457144.310062234,48
341,-0.016276166080376075,0.999010603203046,2457213.4102053167,734
342,-0.01606759892025389,0.9992004905859937,2457197.61643643,578
343,-0.015760460142276944,0.9985849832617972,2457181.8227661145,421
344,-0.015451843653688346,0.998703968512507,2457166.0290972767,264
345,-0.015244767868424436,0.9989541700163401,2457150.2353268983,107
346,-0.01360833143454121,0.9992391944561593,2457203.5416372423,637
347,-0.013327182944686822,0.9987568132429353,2457187.7479409366,480
348,-0.013007344200973048,0.9990956005809581,2457171.9542833213,323
349,-0.012750236602847576,0.9989208349209059,2457156.160562975,166
350,-0.012657677179959137,0.9987210794154501,2457140.36667808,9
351,-0.011130272158475396,0.9991382208133117,2457209.466856847,696
352,-0.010888409277712174,0.9990748226298122,2457193.673121256,539
353,-0.01057154853979414,0.9986389818518158,2457177.8794606626,382
354,-0.010278635197551456,0.9993417674013275,2457162.0857761214,225
355,-0.010112698964482636,0.9982779159631496,2457146.2919646036,68
356,-0.008438965731762504,0.9987020962298765,2457199.5983122448,598
357,-0.008139032480130037,0.9982738301043276,2457183.804634724,441
358,-0.007825192261428082,0.9987781224591953,2457168.01097111,284
359,-0.007599717733041356,0.9993420512688359,2457152.21721913,127
360,-0.005974064646692145,0.9977632239830667,2457205.523518691,657
361,-0.005704534507819492,0.9985011360139864,2457189.729810767,500
362,-0.005384076885702971,0.9988143715238222,2457173.9361537704,343
363,-0.005113581874815143,0.9983875084518817,2457158.1424468113,186
364,-0.004994805954280146,0.9988692729721822,2457142.348588133,29
365,-0.0034886292667315466,0.9981522364198883,2457211.4487456717,716
366,-0.0032627942146468136,0.9989351176326119,2457195.654994053,559
367,-0.002950146547225696,0.9990654162059829,2457179.8613292463,402
368,-0.0026484891337452687,0.9983730388937697,2457164.0676534493,245
369,-0.0024611920861050685,0.9981697456968042,2457148.2738632923,88
370,-0.0008087874209121715,0.9987298508333817,2457201.580189605,618
371,-0.0005174935831431249,0.9984830611799896,2457185.7865034444,461
372,-0.00019974250811971572,0.9980537650882707,2457169.9928437416,304
373,4.2327722885371344e-05,0.9981302307542647,2457154.1991083575,147
374,0.001662513130814336,0.9995011405071623,2457207.5054024504,677
375,0.0019189140078990086,0.9985995766892964,2457191.711681397,520
376,0.0022382981061253027,0.9991507283098163,2457175.9180233274,363
377,0.0025209616613577346,0.9986102094148385,2457160.124328537,206
378,0.0026640118135841107,0.998397495373417,2457144.330494133,49
379,0.004155814926901424,0.998266345499231,2457213.4306372977,735
380,0.004364195007601435,0.998462715745469,2457197.6368682235,579
381,0.004671268425651132,0.9979450742273627,2457181.843197843,422
382,0.004979749930674071,0.9991358443872196,2457166.0495288703,265
383,0.005187023854815731,0.9992519584165012,2457150.25575869,108
384,0.00682341907767503,0.9986435424823251,2457203.5620689928,638
385,0.00710445518308811,0.998785662553323,2457187.768372575,481
386,0.007424309570110754,0.9988951892804566,2457171.9747149753,324
387,0.007681665482117683,0.9981075034583913,2457156.180994877,167
388,0.007774402904033195,0.9982603862181182,2457140.38711016,10
389,0.009301551462562951,0.9985622099152616,2457209.4872886706,697
390,0.009543256476873818,0.9985417947806889,2457193.6935529215,540
391,0.009860183804355938,0.9983931292007275,2457177.899892395,383
392,0.010153095633199438,0.9983113443560423,2457162.1062078523,226
393,0.010319262375881433,0.9988161857728843,2457146.312396565,69
394,0.011992645256690526,0.9994859608254854,2457199.6187438555,599
395,0.012292497250428358,0.9987667271788991,2457183.8250662535,442
396,0.012606485956873303,0.9992885856616226,2457168.031402788,285
397,0.012832041859569987,0.9985694797972305,2457152.23765089,128
398,0.014457708566511851,0.997927671548428,2457205.543950464,658
399,0.01472711087408518,0.9978581909916339,2457189.7502424126,501
400,0.015047467571393636,0.9977118411812539,2457173.956585315,344
401,0.015318294133118027,0.9994591815705283,2457158.1628786875,187
402,0.015437232220196329,0.9988157858290929,2457142.3690201715,30
403,0.01694322241039936,0.9985326937044372,2457211.469177523,717
404,0.017168884753078206,0.9997524076927107,2457195.6754257316,560
405,0.017481582886541336,0.9993459416416284,2457179.8817609753,403
406,0.017783221906400914,0.9986436215831602,2457164.0880851606,246
407,0.017970833166270683,0.9979752272020244,2457148.2942953175,89
408,0.019622942478516148,0.9992108793122438,2457201.6006213347,619
409,0.01991413934959807,0.9990506128680735,2457185.8069350775,462
410,0.020231822438073532,0.9984066340559159,2457170.013275306,305
411,0.020474157281105132,0.9987734661650642,2457154.219540187,148
412,0.022094310791235916,1.0000656057710757,2457207.5258342484,678
413,0.022350468651336275,0.9990459689681207,2457191.732112952,521
414,0.022669935462648727,0.9990273276029855,2457175.9384549647,364
415,0.022952814153395895,0.9987163142234061,2457160.1447603893,207
416,0.023096110400336656,1.0001979128737695,2457144.350926231,50
417,0.02458759640559327,0.9998461610051622,2457213.4510690793,736
418,0.0247957891158328,0.9993740867026792,2457197.6572998175,580
419,0.02510279698478035,0.9991916568265483,2457181.8636293714,423
420,0.025411443515797938,1.0002205329858262,2457166.069960564,266
421,0.02561901510664155,0.999574095568724,2457150.2761906814,109
422,0.027255069814684507,0.999872760860535,2457203.5825006436,639
423,0.027536093369070702,0.9991786325285931,2457187.788804213,482
424,0.027856063101849404,0.9991302940748334,2457171.9951467286,325
425,0.028113367325453442,1.000024663774034,2457156.2014265787,168
426,0.028206482515088283,1.0013655295894015,2457140.40754224,11
427,0.029733375432847264,0.9994902812182328,2457209.5077204946,698
428,0.02997492235515109,0.999359873108076,2457193.713984587,541
429,0.030291716270674396,0.999811774700283,2457177.9203239274,384
430,0.030584826238395646,0.998900526271806,2457162.126639583,227
431,0.030751223243308257,0.9995506286329764,2457146.332828526,70
432,0.03242435641325203,1.0001311722855142,2457199.639175567,600
433,0.032724226975233695,0.999804277828247,2457183.845497983,443
434,0.033038163942344045,0.9990679133703885,2457168.051834466,286
435,0.033263901220112135,0.9997673758619784,2457152.2580827493,129
436,0.03488948200527053,0.999996720417381,2457205.564382238,659
437,0.035158756343301345,0.9992070409194145,2457189.770674058,502
438,0.035479112021975734,1.0003313108172476,2457173.9770169593,345
439,0.03574997013225234,1.0007163663392904,2457158.1833103634,188
440,0.03586937039543425,1.0009110585693177,2457142.3894523093,31
441,0.037375074553191556,0.9999505015237952,2457211.4896093756,718
442,0.037600463843733056,1.000415267265146,2457195.6958573107,561
443,0.037913212326822876,1.0001902873711839,2457179.902192605,404
444,0.038214932953823055,0.9996071914171508,2457164.1085168715,247
445,0.0384027579522237,1.0003607403107155,2457148.3147272426,90
446,0.04005477261881252,0.9996333395936816,2457201.621053165,620
447,0.04034567233978548,1.0001171177682069,2457185.8273666105,463
448,0.040663487152197586,1.0003226428887337,2457170.033706971,306
449,0.04090598660649425,1.000111553356687,2457154.2399720163,149
450,0.042526108793627504,1.0002266811887464,2457207.5462660464,679
451,0.04278222339815985,1.0002558857860118,2457191.7525447067,522
452,0.0431014728184107,0.9999245133163556,2457175.958886502,365
453,0.04338446617097391,1.0002803596732128,2457160.165192041,208
454,0.04352810899360371,0.999796774221366,2457144.37135823,51
455,0.0450195781113627,1.0003185255636509,2457213.4715010608,737
456,0.04522758340021005,0.9993376474232045,2457197.6777316118,581
457,0.04553442555194698,0.9995282063155546,2457181.884061,424
458,0.045843237094407296,1.0005883015674335,2457166.090392357,267
459,0.04605090589932059,0.999091865645634,2457150.296622572,110
460,0.047686920793323484,1.0006830749132907,2457203.6029324946,640
461,0.04796773163508883,0.9996506716558227,2457187.8092358513,483
462,0.04828761652292579,1.000480862574736,2457172.015578282,326
463,0.04854516871116532,1.000405373221102,2457156.2218583804,169
464,0.04863856166775804,1.000667087108265,2457140.427974319,12
465,0.05016519962868626,1.0002916517943823,2457209.5281523187,699
466,0.050406688379708964,1.0001468273814582,2457193.7344163535,542
467,0.05072334850492366,0.9995222098733432,2457177.9407555596,385
468,0.05101655661076121,0.9996543916328778,2457162.1470713136,228
469,0.05118318365234975,0.9994329516411163,2457146.3532604864,71
470,0.05285616781068159,1.000321531491917,2457199.6596073783,601
471,0.05315585670655354,1.0001836598345746,2457183.865929613,444
472,0.05346984192053883,1.0002349897238185,2457168.072266144,287
473,0.05369586010847849,1.0002277734951812,2457152.278514708,130
474,0.05532125568413582,1.0000543376996678,2457205.584814011,660
475,0.055590401885277085,1.0001548453900604,2457189.7911057035,503
476,0.05591085636417992,0.9996725450708672,2457173.9974487037,346
477,0.05618174567376277,1.0002385773188727,2457158.203742139,189
478,0.056301307630550745,1.0000626875431569,2457142.4098842465,32
479,0.057806926688707794,0.9995539755722052,2457211.5100412276,719
480,0.05803224310325783,1.0000008057421492,2457195.71628909,562
481,0.058344741708135306,1.0006650097836476,2457179.9226241345,405
482,0.05864664376841455,1.0006730215041377,2457164.1289485823,248
483,0.05883458249730866,1.0001602234507474,2457148.335159067,91
484,0.06048640299041663,0.9998299858633556,2457201.641484795,621
485,0.060777405382427485,1.0001175552047181,2457185.8477983433,464
486,0.06109525174339181,0.9998915046032156,2457170.0541387354,307
487,0.061337915692538214,0.9991806356859578,2457154.2604039456,150
488,0.06295790691971037,0.9997183647332826,2457207.5666978443,680
489,0.06321387825336133,0.9997694659148282,2457191.7729763617,523
490,0.0635332100520043,1.0002736370101757,2457175.9793182393,366
491,0.06381631796452014,1.000331682601623,2457160.185623893,209
492,0.06396020664903368,0.999840127602396,2457144.3917903276,52
493,0.06545146028930793,0.9997648612448286,2457213.491932943,738
494,0.06565927780024117,0.9998434965402607,2457197.6981633063,582
495,0.06596615411987505,0.9998774879843848,2457181.9044927284,425
496,0.06627493021386988,1.0000806724889748,2457166.1108240504,268
497,0.06648269645840754,0.9994594614564167,2457150.3170543625,111
498,0.06811867200403166,0.9997519851080857,2457203.623364246,641
499,0.06839946993824819,1.0003772101933908,2457187.8296675896,484
500,0.06871926994476363,0.9998159098037547,2457172.0360099357,327
501,0.06897706985753205,1.0003089643881398,2457156.242290281,170
502,0.06907064035476651,0.9997822288762191,2457140.448406398,13
503,0.07059702406463186,1.000099042262527,2457209.548584143,700
504,0.0708382545118833,1.0004350932443844,2457193.7548479196,543
505,0.07115498084831229,0.9993156406016341,2457177.961187192,386
506,0.07144828674302017,1.0000449389138943,2457162.1675030435,229
507,0.07161514359572996,0.9992456570586992,2457146.3736924464,72
508,0.07328777931572761,0.999357439653408,2457199.6800389895,602
509,0.07358738655352726,0.9997832184068273,2457183.8863611426,445
510,0.07390151990600957,1.0002613077672968,2457168.092697822,288
511,0.0741277187705287,0.9998026448230679,2457152.298946567,131
512,0.07575302959583174,1.0002640130979892,2457205.6052457853,661
513,0.07602204752184027,0.9997621514716953,2457189.811537349,504
514,0.07634240058844588,0.9993119447761619,2457174.017880248,347
515,0.07661362121603466,0.9993863226236931,2457158.2241740143,190
516,0.07673334487370465,1.0000454841444473,2457142.430316284,33
517,0.07823877929716128,1.0000168971273362,2457211.5304730805,720
518,0.07846392248571243,1.0002711847605976,2457195.736720769,563
519,0.07877647108369468,0.9995496879001481,2457179.943055864,406
520,0.07907835434289945,0.9995878313670603,2457164.1493802927,249
521,0.0792666065855312,1.0001916404428275,2457148.355591091,92
522,0.08091813358833688,0.9998272863467493,2457201.6619165256,622
523,0.081209038431584,1.0001338837191478,2457185.8682299764,465
524,0.08152691622468522,1.0008221537247788,2457170.0745704,308
525,0.0817696445515046,1.0006630615625332,2457154.280835674,151
526,0.0833898053885247,1.0000382288912646,2457207.587129743,681
527,0.08364543321694073,1.0000025692534518,2457191.7934079166,524
528,0.0839648472921124,1.0000123973999615,2457175.9997498766,367
529,0.08424806952447428,1.0008665486301282,2457160.2060556444,210
530,0.08439210384455542,0.9996629132930543,2457144.4122222248,53
531,0.08588334246725315,1.00074677139221,2457213.5123648252,739
532,0.08609087242506552,1.0003971800779639,2457197.718594901,583
533,0.08639778267976572,0.9999218080335714,2457181.9249243573,426
534,0.086706523332571,1.0008502843120186,2457166.1312556434,269
535,0.08691468677891079,0.9993481286977273,2457150.337486353,112
536,0.08855052344105596,1.0001443259132767,2457203.6437960975,642
537,0.08883100832719615,0.9996306738008167,2457187.850099128,485
538,0.08915102324367163,0.9990431444972572,2457172.056441689,328
539,0.08940877077682119,0.9997729425520113,2457156.2627219823,171
540,0.08950271903449902,1.000729775005227,2457140.4688384766,14
541,0.09102884884982343,0.9999716381539592,2457209.569015968,701
542,0.0912699207976142,0.9997258342774664,2457193.7752795857,544
543,0.09158661308256155,1.0002556817597277,2457177.981618824,387
544,0.0918800168825551,0.9997573164879963,2457162.1879347735,230
545,0.09204700307268743,0.999604625318394,2457146.394124306,73
546,0.09371959106240313,1.0003297289484276,2457199.7004708014,603
548,0.09433319742581903,0.9998374762946949,2457168.1131294994,289
549,0.09455947719898683,0.9997727787776207,2457152.3193783252,132
550,0.09618490373384381,1.0003671769846003,2457205.625677659,662
551,0.09645369325299091,1.0000839594759436,2457189.831968995,505
552,0.09677404469705797,1.000033709844399,2457174.038311892,348
553,0.09704529629112235,1.0007775725484176,2457158.2446056893,191
554,0.09716548164468275,0.9995652948375799,2457142.450748421,34
555,0.09867063213116944,1.0003935006219358,2457211.550904933,721
556,0.09889570204355147,1.0001004213455196,2457195.757152549,564
557,0.09920810046576856,0.9999928281679668,2457179.9634874933,407
558,0.09951006469182966,1.0004950766937346,2457164.169812003,250
559,0.099698530207331,0.9995913384711717,2457148.3760230145,93
560,0.10134996431070986,1.0003626411328668,2457201.6823483566,623
561,0.1016405715600146,1.0000183514095273,2457185.8886615094,466
562,0.10195848058880186,0.9994942939468007,2457170.0950019644,309
563,0.10220147294557114,0.999787140412386,2457154.301267503,152
564,0.10382150409592272,0.9993264656942963,2457207.6075614416,682
565,0.10407718826935453,1.000329150748793,2457191.8138396717,525
566,0.10439638441504373,0.9998670042686052,2457176.0201814137,368
567,0.10467982107715246,0.9999246690447071,2457160.2264873963,211
568,0.10482410104083861,0.9998437488905477,2457144.432654222,54
569,0.10631522533641435,0.9997245631077221,2457213.532796708,740
570,0.10652266723331172,0.999615986144056,2457197.739026696,584
571,0.10682941124693235,1.000014778958349,2457181.945355986,427
572,0.10713831621268843,1.000312952654939,2457166.1516874367,270
573,0.10734657664026725,1.0001138951295925,2457150.357918243,113
574,0.10898217511666397,0.9995966835847684,2457203.664227749,643
575,0.10926264678238917,1.0005719351229758,2457187.8705307664,486
576,0.10958257643191738,0.9992078836609151,2457172.076873242,329
577,0.10984057146404114,1.0002234039003806,2457156.283153783,172
578,0.10993479679018492,1.000480627036367,2457140.489270554,15
579,0.111460673976985,0.9997972740392261,2457209.589447793,702
580,0.11170158719976042,1.0002603794081921,2457193.7957112524,545
581,0.1120182452003955,0.9997890122361589,2457178.002050456,388
582,0.11231174655642873,0.999464008253585,2457162.2083665035,231
583,0.11247906207823055,0.9998198527703123,2457146.4145563645,74
584,0.11415130298294018,1.0000415828284204,2457199.7209025132,604
585,0.11445074618427542,1.0001016826817708,2457183.9272245024,447
586,0.11476487493835252,1.0000651106073077,2457168.133561177,290
587,0.11499143515603061,1.0004464919371245,2457152.339810283,133
588,0.11661657811043957,0.9996857641541306,2457205.6461093337,663
589,0.11688533905690113,1.00014564786627,2457189.8524006405,506
590,0.11720578879915555,0.9998564607223828,2457174.058743636,349
591,0.1174770711268649,0.9996516320221848,2457158.2650374644,192
592,0.11759751795651407,1.0002188734553288,2457142.471180457,35
593,0.11910248543811486,1.0006979355630192,2457211.5713367863,722
594,0.11932728177449059,1.000159343335013,2457195.7775841285,565
595,0.11963982978312027,1.0002878389134806,2457179.9839192224,408
596,0.11994177480792922,1.0010397856926825,2457164.1902437136,251
597,0.12013055358978564,1.0001986694651008,2457148.396455038,94
598,0.12178159526439059,0.999725481252944,2457201.7027799874,624
599,0.12207230469724406,1.000216295458712,2457185.9090932426,467
600,0.12239014482998867,1.000486191602273,2457170.1154336287,310
601,0.12263340110029253,1.0002840372809305,2457154.3216994307,153
602,0.12425330315332817,0.9996367730835487,2457207.6279932405,683
603,0.12450874345848861,0.9997337280186821,2457191.8342712265,526
604,0.12482812141580668,0.9998864816961476,2457176.0406131507,369
605,0.1251115721714453,0.99960696255354,2457160.246919147,212
606,0.125256197764946,0.9997976218499401,2457144.4530863184,55
607,0.1267471082128515,0.9995824152123558,2457213.553228591,741
608,0.12695436214993583,0.9990557649193932,2457197.7594583905,585
609,0.12726103981409898,1.0005453957073278,2457181.965787614,428
610,0.12757000886648973,0.9994780334875466,2457166.172119129,271
611,0.12777846626879308,0.9996126890204456,2457150.3783501326,114
612,0.12941392702586407,0.9999109121672031,2457203.684659501,644
613,0.12969438528927535,1.0002757548053907,2457187.8909625052,487
614,0.13001422938809393,0.9998064594772121,2457172.097304895,330
615,0.13027247168636125,1.0002378865059398,2457156.303585683,173
616,0.13036687408020953,0.999384563806336,2457140.5097026313,16
617,0.1318925992285993,0.9999079611003877,2457209.6098797186,703
618,0.132133253711046,1.0002910873194197,2457193.8161429185,546
619,0.13244997742813025,1.0000820505712373,2457178.0224821884,389
620,0.1327435759909572,1.0000750927927247,2457162.2287983326,232
621,0.13291102109028818,1.0001176242879966,2457146.4349883236,75
622,0.13458291507733877,0.9997406120588447,2457199.7413341254,605
623,0.13488227603124914,1.0005534304490884,2457183.947656032,448
624,0.13519655245816198,0.9988824649300992,2457168.1539928545,291
625,0.13542329288675825,0.9996380715944966,2457152.360242141,134
626,0.13704845272138888,1.0005778755321637,2457205.6665412085,664
627,0.1373169849553988,0.9994228335132234,2457189.8728322866,507
628,0.13763733279059087,0.9995698095771332,2457174.0791751803,350
629,0.1379089457378142,0.999964759625279,2457158.2854693388,193
630,0.13802945380192266,0.9997725732509759,2457142.491612393,36
631,0.13953433874506027,0.9995870179304359,2457211.5917686396,723
632,0.13975896161533052,0.9997202512738348,2457195.798015808,566
633,0.14007135910622504,1.0001312739676396,2457180.0043507516,409
634,0.14037348491675283,1.0003803236841107,2457164.2106754235,252
635,0.1405623767451627,0.9998920136410021,2457148.416886861,95
636,0.14221332644438744,1.000645305209259,2457201.7232117187,625
637,0.14250393792102356,1.000070608343732,2457185.9295248757,468
638,0.14282190896279756,0.9993402759460808,2457170.1358653926,311
639,0.14306512902793633,0.9997246359767648,2457154.342131159,154
640,0.14468520232791038,1.000119742235475,2457207.64842514,684
641,0.14494049874373305,0.9997868431363982,2457191.854702982,527
642,0.14525975842308414,1.001304672953886,2457176.0610447875,370
643,0.1455433230329075,0.999683417804328,2457160.267350898,213
644,0.14568809402914518,0.9994573888944815,2457144.473518215,56
645,0.14717899155494996,1.0002781219561323,2457213.5736604743,742
646,0.14738595724769743,0.9994342404931877,2457197.779889986,586
647,0.14769266837398964,1.0003381379699363,2457181.9862192427,429
648,0.14800160151952957,0.9999710183578999,2457166.192550722,272
649,0.14821035542438166,0.9999094659813448,2457150.398782022,115
650,0.1498457791613803,1.0002353362853826,2457203.705091353,645
651,0.15012592388195012,0.9997929480117014,2457187.911394044,488
652,0.15044598233775597,1.0001823961544791,2457172.117736648,331
653,0.1507041718998825,1.0004116218117791,2457156.324017383,174
654,0.15079895136295818,0.9997071648459454,2457140.5301347086,17
655,0.152324324944352,0.9997935595781324,2457209.630311444,704
656,0.15256502034678432,1.0000144008190548,2457193.8365746853,547
657,0.15288150954520274,0.9998591091524618,2457178.0429137205,390
658,0.15317520543123875,1.0009700416167149,2457162.249229962,233
659,0.15334297962940857,1.0003572348899623,2457146.455420282,76
660,0.15501472739881494,1.000925693651363,2457199.761765938,606
661,0.15531400593067746,0.9994983705408085,2457183.968087762,449
662,0.1556283295130716,1.0002483557820523,2457168.1744246315,292
663,0.15585505015106316,1.000226789198146,2457152.380673898,135
664,0.1574801276727853,0.9997920434472569,2457205.6869728835,665
665,0.15774863094120795,1.0001654686450598,2457189.8932639323,508
666,0.15806897665909636,0.9997164246869665,2457174.099606824,351
667,0.15834072010789546,1.0004600599541746,2457158.3059011134,194
668,0.15846158918319286,1.0001958317145516,2457142.5120445285,37
669,0.15996629251115246,0.9996638770466282,2457211.6122005936,724
670,0.16019074158062319,1.0000225886908407,2457195.8184475885,567
671,0.16050298843009125,0.9997563435500474,2457180.024782381,410
672,0.1608051945671911,1.0003019409039884,2457164.231107133,253
673,0.16099429943563992,0.9998167022947844,2457148.4373187837,96
674,0.16264515786525235,1.0003377405373695,2457201.74364355,626
675,0.16293567113828855,1.0000727985603926,2457185.949956609,469
676,0.16325347297766823,1.0001883540537295,2457170.156296957,312
677,0.1634969564906803,1.0002161464251662,2457154.362562986,155
678,0.1651169018429397,1.0006992011505302,2457207.668856839,685
679,0.16537215411552753,1.00019185641482,2457191.8751346376,528
680,0.16569129542960015,0.9996451150131053,2457176.0814763247,371
681,0.16597507388709376,1.000074638110914,2457160.287782649,214
682,0.1661200898284445,1.0004460119493008,2457144.4939502105,57
683,0.16761097512336454,1.0001548013216097,2457213.594092458,743
684,0.1678177525216049,0.9988475018113783,2457197.800321781,587
685,0.16812429694115627,0.9998406028707358,2457182.0066508716,430
686,0.1684333939339857,1.0005063614476828,2457166.2129825144,273
687,0.1686422441215849,1.0003485320793122,2457150.41921391,116
688,0.17027743141906493,1.000214845327709,2457203.7255230052,646
689,0.17055756251176613,0.9999557363611327,2457187.931825682,489
690,0.17087763529393252,1.0001212824876724,2457172.138168301,332
691,0.17113597165577987,0.9998467249679961,2457156.344449183,175
692,0.1712310277216602,0.9985990996933406,2457140.550566785,18
694,0.17299668715638417,1.0003381938678908,2457193.8570063524,548
695,0.17331314154662136,1.0002046136727254,2457178.0633453527,391
696,0.17360693440662045,1.0008752711877542,2457162.269661691,234
697,0.17377493771014363,1.0001551839829677,2457146.4758522403,77
698,0.17544643984322095,1.0001100826428573,2457199.78219765,607
699,0.17574563583662028,0.9998553100913119,2457183.988519392,450
700,0.17605990655918236,0.9993466799697407,2457168.1948562087,293
701,0.17628700717678436,0.9994992851448069,2457152.401105855,136
702,0.17791190286504976,0.9999039317356745,2457205.7074046587,666
703,0.17818027699977668,0.999416215038538,2457189.9136955785,509
704,0.17850072041922393,0.9999578603086934,2457174.120038568,352
705,0.1787724940195914,1.00076075123823,2457158.326332887,195
706,0.17889362455642566,1.0000633482838208,2457142.5324765635,38
707,0.1803981465165898,0.999543762653599,2457211.6326324474,725
708,0.18062232171173997,1.0003745992583366,2457195.8388791685,568
709,0.1809346176957498,1.000110321277141,2457180.0452140104,411
710,0.1812369042176294,1.0000716230198199,2457164.251538843,254
711,0.18142632165394135,0.9997045961010446,2457148.457750806,97
712,0.1830767894010097,0.9985962828698508,2457201.7640751814,627
713,0.1833672044486181,0.9997429510226025,2457185.9703881424,470
714,0.1836852367539552,0.9997658874380491,2457170.176728721,313
715,0.18392878371331767,0.9999459592905134,2457154.3829948134,156
716,0.18554880159959852,0.9996425461070197,2457207.689288739,686
717,0.18580370962480375,1.0005100471873483,2457191.895566193,529
718,0.18612303231394778,1.0005710600340068,2457176.1019080617,372
719,0.18640682428289468,1.0003713427223386,2457160.3082143995,215
720,0.18655218515556804,1.0001107803010865,2457144.514382306,58
721,0.18804275916319346,0.9998552489373214,2457213.614524242,744
722,0.18824944796937393,1.0005713169969017,2457197.8207534766,588
723,0.1885559255083229,1.0005697386347565,2457182.0270825,431
724,0.1888650861221257,0.9996213254647791,2457166.2334142067,274
725,0.18907413281878815,0.9994326815725317,2457150.439645799,117
726,0.19070918402675696,0.9998801951229902,2457203.745954758,647
727,0.19098930123693103,1.0004964490650738,2457187.952257421,490
728,0.19130918801651697,0.9998224102478498,2457172.1585998535,333
729,0.1915678711723321,0.9999402945472632,2457156.3648810824,176
730,0.19166310408036225,1.00019813125487,2457140.5709988615,19
731,0.19318807695294238,0.9999479543587316,2457209.6711751963,706
732,0.19342825407436193,1.0004188389609345,2457193.877437919,549
733,0.1937448736579408,0.9997218268950596,2457178.0837770845,392
734,0.19403876337548764,0.9996775809490261,2457162.29009352,235
735,0.1942068953252174,1.00035302541325,2457146.496284198,78
736,0.1958780525124202,0.9999442961446849,2457199.8026292627,608
737,0.19617736574332456,1.0004706206883698,2457184.008951122,451
738,0.19649168361409197,1.0002760009780922,2457168.2152879857,294
739,0.19671886397618943,1.0000554157534307,2457152.4215377118,137
740,0.198343778174491,0.99995185444427,2457205.727836534,667
741,0.1986120231536943,1.0009014683952209,2457189.9341273247,510
742,0.19893236417859006,1.000145324921209,2457174.1404702114,353
743,0.1992045679262957,0.9997554266994875,2457158.3467649613,196
744,0.19932555900485038,0.9988700657652996,2457142.5529084983,39
