,Airmass,BJD,Best fit model,Normalized flux,Normalized flux error,Residual,X centroid,Y centroid
0,1.076886,2457828.621944,1.0,0.9999435225895624,0.0006503677454800188,-5.6477410437461024e-05,620.59771,601.172286
1,1.0765149999999999,2457828.622137,1.0,0.9997001517669912,0.0006494363418378395,-0.00029984823300877034,620.597389,601.52001
2,1.076147,2457828.622329,1.0,0.9995769451931288,0.0006500427051863638,-0.00042305480687110375,620.965706,601.447845
3,1.07578,2457828.62252,1.0,1.0010965836613772,0.0006498814315541228,0.001096583661377215,620.891279,601.437263
4,1.0754139999999999,2457828.622713,1.0,0.9998560278938536,0.0006489519474394245,-0.0001439721061462507,621.00187,601.270229
5,1.07505,2457828.622905,1.0,0.9995060283748708,0.0006499456425407362,-0.0004939716251290972,621.174482,601.494137
6,1.074684,2457828.623099,1.0,1.0000401106238472,0.0006497851939341009,4.011062384723374e-05,621.027292,601.4766
7,1.074324,2457828.62329,1.0,0.9997081933751804,0.000649627470232786,-0.00029180662481942404,621.413967,601.66714
8,1.073965,2457828.623482,1.0,1.0002160846862984,0.0006502407456842903,0.0002160846862984123,620.9377910000001,601.506398
9,1.073607,2457828.623674,1.0,0.9990936817001208,0.0006504698373621911,-0.000906318299879194,620.97101,601.396191
10,1.073251,2457828.623866,1.0,0.9997137123166968,0.0006495432611771576,-0.000286287683303188,621.239487,601.40131
11,1.072897,2457828.624057,1.0,1.0000123900861693,0.0006505458779745384,1.2390086169267177e-05,621.0915769999999,601.4662599999999
12,1.072544,2457828.624249,1.0,0.9996900482434208,0.0006515510069319231,-0.0003099517565792187,621.29565,601.6184360000001
13,1.072193,2457828.624441,1.0,1.0005911814239046,0.0006517851344728195,0.0005911814239045742,621.077281,601.531067
14,1.071843,2457828.624633,1.0,0.9999661137431021,0.0006500868183424862,-3.388625689804137e-05,620.87055,601.225371
15,1.071494,2457828.624824,1.0,0.9991046777112608,0.0006491626032519486,-0.0008953222887393418,620.801087,601.233369
16,1.0711469999999998,2457828.625016,1.0,1.0007867630952296,0.0006486255103401817,0.0007867630952296256,620.726049,601.261595
17,1.0708010000000001,2457828.625208,1.0,1.000736975080098,0.0006492473220936747,0.0007369750800980679,621.034399,601.471941
18,1.070457,2457828.6254,1.0,1.0001667198751762,0.0006498710845146776,0.00016671987517624662,621.10369,601.540549
19,1.070114,2457828.625592,1.0,1.000203927823472,0.0006508836225367032,0.00020392782347200544,621.19952,601.3911519999999
20,1.0697729999999999,2457828.625784,1.0,0.9997910699494116,0.0006507360539737883,-0.00020893005058830735,621.021893,601.387259
21,1.069434,2457828.625975,1.0,1.0002828485954296,0.0006509770332048509,0.0002828485954295968,620.8172900000001,601.339203
22,1.0690950000000001,2457828.626167,1.0,1.0005815472911022,0.0006508305839308956,0.000581547291102158,620.6754080000001,601.267663
23,1.068758,2457828.626359,1.0,0.9994008117514126,0.0006502973081336324,-0.0005991882485874013,621.0981019999999,601.541334
24,1.068423,2457828.62655,1.0,0.9989954759537614,0.0006501526639776243,-0.0010045240462386307,621.002534,601.3547580000001
25,1.0680889999999998,2457828.6267419998,1.0,0.9995491281376292,0.0006531164820840772,-0.0004508718623708052,620.956593,601.515356
26,1.0677510000000001,2457828.626937,1.0,0.9999871837559934,0.0006502507889604826,-1.281624400650827e-05,620.793346,601.511526
27,1.0674190000000001,2457828.62713,1.0,0.999634187962167,0.0006516618058855742,-0.00036581203783314637,620.6467650000001,601.3627700000001
28,1.0670870000000001,2457828.6273229998,1.0,0.9996166043510348,0.0006507417016763772,-0.00038339564896516803,620.95824,601.3301730000001
29,1.066759,2457828.6275150003,1.0,1.0002909445961448,0.0006533253015660581,0.00029094459614475987,621.111822,601.475395
30,1.066431,2457828.627708,1.0,1.0008607094548587,0.0006512376726780503,0.0008607094548587213,620.658994,601.091513
31,1.066106,2457828.6279,1.0,0.9996940541867064,0.0006495429224302608,-0.00030594581329346227,620.673505,601.2014280000001
32,1.065782,2457828.628092,1.0,1.0001300355298688,0.0006536879447353256,0.0001300355298687883,620.7207030000001,601.4268599999999
33,1.06546,2457828.628283,1.0,1.000046031643375,0.0006492654748878879,4.6031643375021865e-05,620.7947740000001,601.5568509999999
34,1.0651389999999998,2457828.628475,1.0,1.0001576638840828,0.0006464101024017621,0.00015766388408278154,620.455345,601.201361
35,1.064819,2457828.6286669997,1.0,0.9997996184859036,0.0006482130579693273,-0.00020038151409651483,620.635375,601.191243
36,1.064501,2457828.628859,1.0,1.0003562878805616,0.0006453600157904684,0.00035628788056163435,621.21246,601.3394490000001
37,1.064184,2457828.629051,1.0,1.001155339092399,0.0006436743095148766,0.0011553390923990658,621.399116,601.492434
38,1.063556,2457828.6294340002,1.0,0.9995043979326184,0.0006441779376452195,-0.0004956020673816397,620.645311,601.171701
39,1.062934,2457828.629818,1.0,1.0005272206808755,0.0006446857187514763,0.0005272206808757397,620.848387,601.236145
40,1.062624,2457828.630009,1.0,0.9998277077814612,0.0006430017624227468,-0.00017229221853876098,620.854771,601.134587
41,1.062317,2457828.630201,1.0,1.0000052155685435,0.0006413210849973449,5.2155685437149665e-06,621.332611,601.4185150000001
42,1.0620100000000001,2457828.630393,1.0,1.0002621763261912,0.000639642412890699,0.00026217632619118797,621.28171,601.482279
43,1.061699,2457828.630588,1.0,0.9993887552242146,0.0006379640298415937,-0.0006112447757855577,621.135662,601.42287
44,1.061395,2457828.630781,1.0,0.999461184777554,0.0006359056957222067,-0.0005388152224461429,620.9729219999999,601.388508
45,1.061093,2457828.6309720003,1.0,1.00030748454621,0.0006369304158105701,0.0003074845462101017,620.894545,601.088188
46,1.060791,2457828.631165,1.0,0.9990266994314364,0.0006348737706801424,-0.0009733005685637064,621.0061450000001,601.2273849999999
47,1.060491,2457828.6313569997,1.0,1.0001883176256154,0.0006343587851996963,0.00018831762561544171,620.974826,601.421843
48,1.0601690000000001,2457828.631564,1.0,1.0007156318476478,0.0006346038457349983,0.0007156318476480018,620.907916,601.218077
49,1.059874,2457828.631755,1.0,0.9991129700927306,0.0006337062423279358,-0.00088702990726941,621.078824,601.3052769999999
50,1.059579,2457828.631947,1.0,0.9984567246678092,0.0006331935584977992,-0.0015432753321907855,620.936297,601.248903
51,1.059285,2457828.632139,1.0,0.999162745514132,0.0006338356270999767,-0.000837254485868133,621.023495,601.271988
52,1.058985,2457828.632336,1.0,1.0009233827757305,0.0006344761327921256,0.0009233827757304524,621.2129269999999,601.5147139999999
53,1.058694,2457828.632528,1.0,1.0000448702072546,0.0006347358363025041,4.487020725463253e-05,620.974164,601.358
54,1.0584040000000001,2457828.632721,1.0,0.9996425934630472,0.0006342249065773495,-0.0003574065369529311,620.8604740000001,601.410961
55,1.058115,2457828.632913,1.0,0.9994520027325412,0.0006333290954241737,-0.0005479972674589106,620.7545269999999,601.289253
56,1.0578290000000001,2457828.6331040002,1.0,1.00026813049076,0.0006335908897536697,0.00026813049076013234,621.077718,601.275868
57,1.0575430000000001,2457828.633297,1.0,1.0005648386550168,0.0006346249537001591,0.000564838655016775,621.307995,601.400393
58,1.057259,2457828.633488,1.0,1.0008846368317954,0.000634888834687554,0.0008846368317954045,620.926279,601.339262
59,1.056977,2457828.63368,1.0,0.9999045451615138,0.000635153946472161,-9.54548384861642e-05,620.842438,601.364342
60,1.056692,2457828.633874,1.0,0.9996938816195295,0.0006350313955229625,-0.0003061183804704548,620.6309190000001,601.3940349999999
61,1.0564129999999998,2457828.634066,1.0,1.0011406253220878,0.0006349114817185131,0.001140625322087807,620.9161730000001,601.344345
62,1.056134,2457828.634258,1.0,1.0003848122627237,0.0006340183366577723,0.0003848122627234663,621.267942,601.201307
63,1.055858,2457828.63445,1.0,1.0002771945511737,0.0006335132076723803,0.0002771945511734764,621.228922,601.307856
64,1.05531,2457828.634832,1.0,1.0003324596456755,0.0006340510262051567,0.00033245964567552017,621.3255280000001,601.506575
65,1.055037,2457828.635025,1.0,1.0002339144829502,0.0006347080805646228,0.00023391448295018158,620.976028,601.1912990000001
66,1.0544950000000002,2457828.635408,1.0,0.9999517768535946,0.0006321545151683662,-4.822314640540171e-05,621.0893769999999,601.332364
67,1.054226,2457828.635601,1.0,1.0005929488036769,0.0006312663211240781,0.0005929488036768849,621.014743,601.552373
68,1.053959,2457828.635793,1.0,1.0006568086945256,0.0006311515516490957,0.0006568086945255568,620.9195900000001,601.181393
69,1.053693,2457828.635985,1.0,1.0000961079693225,0.0006310372635413355,9.610796932246757e-05,620.638072,601.2843839999999
70,1.053428,2457828.636177,1.0,1.0002922218392547,0.000630151039737025,0.0002922218392547027,620.682279,601.164669
71,1.0531629999999998,2457828.63637,1.0,1.0000739943587147,0.0006300371439912897,7.399435871469073e-05,621.132998,601.19789
72,1.052901,2457828.636562,1.0,1.0004119166777024,0.0006295384877819087,0.00041191667770235085,621.074475,601.162479
73,1.052641,2457828.636754,1.0,1.0001690277957718,0.0006294267716617461,0.00016902779577177007,620.691295,601.366919
74,1.052381,2457828.6369459997,1.0,1.0008091730762263,0.0006293151046908723,0.0008091730762265215,620.4831320000001,601.390123
75,1.052124,2457828.637138,1.0,0.9996249174783992,0.0006280468505780206,-0.0003750825216006781,620.939566,600.90259
76,1.051868,2457828.637329,1.0,1.0006376661615546,0.0006283226717316044,0.0006376661615545843,621.116726,600.958301
77,1.051612,2457828.6375220004,1.0,1.0000890551764727,0.0006282127312401595,8.905517647272987e-05,621.1484320000001,601.2217059999999
78,1.051359,2457828.637714,1.0,1.0000799993656846,0.0006277181147107446,7.999936568459098e-05,621.108739,601.288781
79,1.051107,2457828.637905,1.0,1.0000548308897967,0.000627995996189711,5.4830889796742e-05,621.383022,601.294871
80,1.050856,2457828.6380970003,1.0,0.9997264546547076,0.0006275021974633776,-0.00027354534529244745,621.399734,601.10437
81,1.050606,2457828.638289,1.0,1.0001785277367696,0.000627394951192658,0.00017852773676962919,621.146046,601.086009
82,1.050357,2457828.638481,1.0,0.999230619544288,0.0006269020688237513,-0.0007693804557120654,621.2535190000001,601.3961320000001
83,1.050111,2457828.638673,1.0,0.9996399489546436,0.0006275690782347079,-0.00036005104535630217,620.948576,601.3284179999999
84,1.04962,2457828.6390580004,1.0,1.000469188914955,0.0006281323197094689,0.00046918891495506543,621.071444,600.908358
85,1.049377,2457828.63925,1.0,0.9995786075325572,0.0006276416227711014,-0.0004213924674425496,621.09149,601.279242
86,1.049135,2457828.6394419996,1.0,0.9993306899724744,0.0006283122143486974,-0.0006693100275256825,621.4446780000001,601.180601
87,1.0488950000000001,2457828.639634,1.0,0.9999632922698128,0.0006274356653185358,-3.6707730187268695e-05,621.265356,601.346754
88,1.048653,2457828.639829,1.0,1.0007714578731275,0.0006281065954251171,0.0007714578731277122,620.7078349999999,601.188622
89,1.048416,2457828.640021,1.0,0.9995504929861884,0.0006283929986188428,-0.00044950701381152325,621.036083,601.177494
90,1.0481790000000002,2457828.640213,1.0,0.9998004136080674,0.0006279045540029692,-0.00019958639193262684,621.396927,601.331777
91,1.047944,2457828.640406,1.0,0.9996837652293328,0.0006270298008403255,-0.0003162347706671121,621.139313,601.535794
92,1.047711,2457828.6405970003,1.0,1.0001941499484537,0.0006269304622286517,0.00019414994845368128,621.005308,601.475083
93,1.047479,2457828.640789,1.0,0.9998567220907398,0.0006268315891936413,-0.00014327790926027542,621.005462,601.33685
94,1.047248,2457828.640981,1.0,1.0004294832242977,0.0006271206051813803,0.0004294832242976998,620.983332,601.2193110000001
95,1.0470190000000001,2457828.641173,1.0,1.00033443719351,0.0006270231477958754,0.00033443719351011763,621.1947849999999,601.465695
96,1.046791,2457828.641365,1.0,1.0002645345047536,0.0006269261538756281,0.00026453450475361073,620.846123,601.1877519999999
97,1.046564,2457828.641557,1.0,0.9984592383490118,0.0006248932458669299,-0.0015407616509881539,620.534574,600.910097
98,1.046338,2457828.64175,1.0,0.9996067972076004,0.000625183885597672,-0.0003932027923996273,620.964535,601.071231
99,1.046114,2457828.641941,1.0,0.9999482186585256,0.000625088467968754,-5.1781341474432814e-05,621.199714,601.349336
100,1.045891,2457828.642134,1.0,0.9986146325352334,0.0006242194297964298,-0.0013853674647664738,621.018095,601.441327
101,1.04567,2457828.642325,1.0,1.0002031637509006,0.0006245122622883609,0.00020316375090057012,620.890497,601.131706
102,1.04545,2457828.642517,1.0,1.001236048043627,0.0006255808114375387,0.0012360480436270913,620.8429570000001,600.925702
103,1.045232,2457828.642709,1.0,0.999817959355164,0.0006251005782917728,-0.00018204064483606786,620.963582,601.04674
104,1.0450139999999999,2457828.6429,1.0,1.0010670554534111,0.0006250079489137643,0.0010670554534113474,620.655958,601.191956
105,1.044799,2457828.643092,1.0,1.000910659668068,0.0006245290516537452,0.0009106596680681367,620.915663,601.374195
106,1.044584,2457828.643284,1.0,1.0006919083944874,0.0006244377078292798,0.0006919083944874059,621.058083,601.009254
107,1.04437,2457828.643477,1.0,0.9991365579847348,0.0006235719367010076,-0.0008634420152653366,621.103838,601.118296
108,1.044158,2457828.643668,1.0,1.0004610841188222,0.000624256818950265,0.0004610841188219528,621.623392,601.347004
109,1.043947,2457828.6438599997,1.0,1.0011696192896011,0.0006245550736275294,0.0011696192896011315,621.398038,601.358742
110,1.0437379999999998,2457828.6440520003,1.0,0.9998873046578524,0.0006236909152988134,-0.00011269534214752852,621.1344849999999,600.959306
111,1.0435290000000002,2457828.644244,1.0,1.0003061885284334,0.000623602226405014,0.0003061885284334487,621.247895,601.331179
112,1.0433219999999999,2457828.644436,1.0,1.001121331479171,0.0006239022190006465,0.0011213314791709283,620.909976,601.110968
113,1.043117,2457828.644628,1.0,1.0000939703258709,0.0006230397967396531,9.397032587110664e-05,621.0258230000001,601.17112
114,1.042913,2457828.64482,1.0,1.0004012177675807,0.0006229532675998843,0.00040121776758073047,620.758558,600.924147
115,1.042709,2457828.645012,1.0,0.9997836930893872,0.0006224791346921427,-0.0002163069106126958,620.9375349999999,600.949993
116,1.042508,2457828.645204,1.0,1.0002654353247928,0.0006223938844513753,0.0002654353247928398,620.951922,601.0173269999999
117,1.0423069999999999,2457828.645397,1.0,1.00127470580221,0.0006226964038017728,0.0012747058022100075,620.618112,601.0776480000001
118,1.042108,2457828.6455880003,1.0,1.0010136927878173,0.0006226121124416577,0.0010136927878172663,620.505178,601.1848259999999
119,1.0419100000000001,2457828.64578,1.0,1.0002694456560406,0.00062214042830066,0.00026944565604059,620.994122,601.2173349999999
120,1.041714,2457828.645972,1.0,1.0005912762361282,0.0006224453090552015,0.0005912762361282019,621.0255950000001,601.131121
121,1.041519,2457828.646164,1.0,1.0011328596255675,0.0006223627958820173,0.0011328596255675285,621.0967730000001,601.444164
122,1.041325,2457828.646356,1.0,1.0012047653858664,0.0006226688970068468,0.0012047653858664464,620.965197,601.218509
123,1.041131,2457828.64655,1.0,1.0007919493739523,0.0006221986981540756,0.0007919493739525496,621.176818,601.172321
124,1.04094,2457828.646742,1.0,0.9997444735372808,0.0006217298574119478,-0.0002555264627190912,621.32111,601.159751
125,1.040749,2457828.646934,1.0,1.0001050248640966,0.000621649093761,0.00010502486409658118,621.142652,601.252738
126,1.040561,2457828.647126,1.0,1.000771822096851,0.0006219578254965061,0.0007718220968506718,620.742393,601.046204
127,1.040374,2457828.647318,1.0,0.9996373503064984,0.0006214906036461356,-0.00036264969350163767,620.893266,600.940436
128,1.040187,2457828.64751,1.0,1.0008950160769827,0.0006217999077282026,0.0008950160769827242,621.402967,601.4603070000001
129,1.040003,2457828.647702,1.0,1.0010101683855748,0.0006221107650827637,0.0010101683855747725,621.193535,601.212856
130,1.03982,2457828.6478939997,1.0,0.9992737649772516,0.0006212566482657552,-0.0007262350227483783,621.206865,601.43935
131,1.0396370000000001,2457828.6480860002,1.0,1.0003448671596122,0.0006219564692796176,0.0003448671596122388,621.0291990000001,601.1180509999999
132,1.039456,2457828.648278,1.0,1.0000873951295572,0.000621880200556142,8.739512955724393e-05,621.083446,601.172147
133,1.039277,2457828.64847,1.0,0.999384383088458,0.0006218047980327862,-0.000615616911541883,621.4120730000001,601.719782
134,1.0390979999999999,2457828.648662,1.0,0.9998917715327349,0.0006221183329790253,-0.00010822846726488144,621.139509,601.1953030000001
135,1.038922,2457828.648854,1.0,1.0002050533765323,0.0006224334098573643,0.00020505337653231592,621.484014,601.414975
136,1.038742,2457828.64905,1.0,1.000229270511265,0.0006231365811310508,0.0002292705112649784,621.583727,601.564807
137,1.038568,2457828.6492419997,1.0,0.9987573750611088,0.0006222846361775365,-0.001242624938891268,621.008701,601.434807
138,1.0383950000000002,2457828.649434,1.0,0.9987945830094046,0.0006229909761262022,-0.0012054169905953982,620.918815,601.181549
139,1.038223,2457828.649626,1.0,1.000483205662302,0.0006236985869489379,0.0004832056623018666,620.8745190000001,601.101806
140,1.0380530000000001,2457828.649818,1.0,1.0002735059918526,0.0006244078819857571,0.00027350599185260727,621.353974,601.326516
141,1.037883,2457828.65001,1.0,0.9998043270316423,0.0006243368004768389,-0.0001956729683576519,621.119909,601.291614
142,1.037715,2457828.650202,1.0,1.0006727738674857,0.0006242665758639692,0.0006727738674856543,621.061825,601.110663
143,1.037383,2457828.650586,1.0,1.0000803883334135,0.0006233470218513086,8.038833341350582e-05,621.155275,601.2406129999999
144,1.0372190000000001,2457828.650778,1.0,1.0001719058907494,0.0006224981651092522,0.0001719058907494464,620.857537,601.239983
145,1.037056,2457828.6509700003,1.0,1.0004112663187221,0.0006236007249817332,0.0004112663187219034,620.726304,601.223346
146,1.036894,2457828.651162,1.0,0.9992551712444762,0.0006239236900492685,-0.0007448287555238409,620.933414,601.091513
147,1.036734,2457828.651354,1.0,0.9993798780230404,0.0006234662552605903,-0.0006201219769597088,620.715216,601.223481
148,1.036576,2457828.6515450003,1.0,0.9993969503715114,0.0006234003007982178,-0.0006030496284885611,620.7886139999999,601.2310610000001
149,1.036413,2457828.651743,1.0,0.9997621530765852,0.0006237230309018108,-0.0002378469234147751,620.819951,601.15733
150,1.036251,2457828.651942,1.0,1.0001243595165614,0.0006236554871030068,0.00012435951656142308,620.805653,601.007252
151,1.036096,2457828.652134,1.0,1.0007091894542943,0.000623981875751908,0.0007091894542943232,620.5500480000001,600.89751
152,1.0357889999999998,2457828.6525189998,1.0,0.9999111523086076,0.0006234629669991385,-8.884769139250182e-05,620.983629,601.198395
153,1.0356370000000001,2457828.6527110003,1.0,0.9995616556662124,0.0006233996609799034,-0.0004383443337876436,620.710726,601.135471
154,1.035488,2457828.652902,1.0,0.9995349785898028,0.0006241200903203995,-0.00046502141019733045,620.810245,601.443671
155,1.035339,2457828.6530939997,1.0,1.0006266982931356,0.0006244496573411006,0.0006266982931355526,620.879993,600.710731
156,1.0351920000000001,2457828.6532860002,1.0,1.000007665024167,0.0006251721777358824,7.665024166936263e-06,620.6354719999999,601.012258
157,1.035046,2457828.653477,1.0,0.9999201410600416,0.0006251116239349553,-7.985893995821058e-05,620.832633,601.4847139999999
158,1.0349,2457828.6536709997,1.0,0.9998120623437978,0.0006250510856207977,-0.00018793765620217504,620.948253,600.672655
159,1.034756,2457828.653863,1.0,0.9996808099102322,0.0006257758344769392,-0.00031919008976788454,621.0482360000001,601.204156
160,1.03461,2457828.654059,1.0,0.9996446830143436,0.0006249308842157786,-0.00035531698565649533,620.826962,601.248884
161,1.03447,2457828.654251,1.0,0.9981657474381652,0.0006236971811023852,-0.0018342525618347816,620.595638,600.8311679999999
162,1.03433,2457828.6544419997,1.0,1.0000554958913643,0.0006232474628008407,5.54958913643322e-05,620.9390099999999,600.908048
163,1.034191,2457828.654635,1.0,0.999053299016042,0.0006212338909526801,-0.0009467009839577712,620.93512,601.085173
164,1.034054,2457828.654827,1.0,0.9998337441547764,0.000621567734601233,-0.00016625584522333983,620.851534,601.112923
165,1.0339180000000001,2457828.655018,1.0,1.0002254522897642,0.0006211202336687827,0.0002254522897642275,620.958428,600.989655
166,1.033783,2457828.65521,1.0,0.999707495246014,0.0006202826169733593,-0.0002925047539861225,620.539886,601.1073269999999
167,1.033647,2457828.655405,1.0,1.0005211923845758,0.0006206166300114562,0.0005211923845758193,620.8187519999999,601.1822950000001
168,1.033515,2457828.655597,1.0,0.999672851826537,0.000620170979897243,-0.00032714817346302105,620.762876,600.9694969999999
169,1.033384,2457828.655788,1.0,1.0009078676629937,0.0006205071702266026,0.0009078676629936666,620.762487,600.712065
170,1.0332540000000001,2457828.655981,1.0,1.0003642853365715,0.0006204530832164989,0.00036428533657151263,620.865645,601.1876
171,1.033126,2457828.6561720003,1.0,0.9994299336225868,0.0006200090325075617,-0.000570066377413303,620.7209389999999,601.168254
172,1.032999,2457828.656364,1.0,0.999506868041545,0.0006199561840681336,-0.0004931319584549065,620.818649,600.930236
173,1.032873,2457828.656556,1.0,1.000513603258559,0.0006202946375017883,0.0005136032585590922,620.968855,601.116418
174,1.032748,2457828.656748,1.0,1.000759500945713,0.0006206337451542069,0.0007595009457130875,620.677706,600.9786
175,1.032624,2457828.65694,1.0,1.000277247447647,0.0006201911434361173,0.00027724744764667797,621.075166,601.228946
176,1.032502,2457828.657133,1.0,1.0000585171002665,0.0006201404519670572,5.851710026627544e-05,620.8602179999999,600.913855
177,1.032381,2457828.6573240003,1.0,0.9996446325663246,0.0006196991835975302,-0.0003553674336753687,621.086124,601.121539
178,1.032261,2457828.6575169996,1.0,0.9994852404963906,0.0006200403473675992,-0.0005147595036092412,620.828848,600.985375
179,1.0321420000000001,2457828.657709,1.0,0.999963965540499,0.0006207735481736385,-3.603445950095541e-05,621.0423490000001,601.338656
180,1.032025,2457828.6579,1.0,0.9996099221508448,0.0006207250362856441,-0.0003900778491552348,620.781613,601.060901
181,1.031908,2457828.658094,1.0,0.9994948033085788,0.0006218518422960576,-0.0005051966914211281,620.610859,601.124398
182,1.031793,2457828.658285,1.0,0.9995923343418028,0.0006292814603443182,-0.00040766565819727596,620.83927,600.74025
183,1.03168,2457828.658477,1.0,0.9990633142275586,0.0006256861420948577,-0.0009366857724415476,620.715761,600.859613
184,1.031567,2457828.6586700003,1.0,0.9992222368872316,0.0006327509679340754,-0.000777763112768559,620.516534,601.0291179999999
185,1.031456,2457828.658862,1.0,0.9997884607421146,0.0006319132305689838,-0.00021153925788541805,620.737649,600.754689
186,1.031347,2457828.6590529997,1.0,0.9994017310078199,0.0006334549161237777,-0.0005982689921799622,620.7281839999999,601.344847
187,1.0312379999999999,2457828.659245,1.0,1.0003164416027472,0.0006377849155969221,0.00031644160274724165,620.592829,601.228882
188,1.031131,2457828.659436,1.0,0.9992744763751226,0.0006365469958297188,-0.0007255236248774332,620.785178,600.963346
189,1.031025,2457828.659629,1.0,0.999406747082496,0.0006357083717653614,-0.0005932529175038947,620.889398,601.376459
190,1.0309190000000001,2457828.659823,1.0,0.9993590123968732,0.0006344728057300493,-0.0006409876031270301,620.665852,601.077054
191,1.030814,2457828.660017,0.99999995890798,1.0007846775542717,0.0006364191514699552,0.0007847186462919263,620.7919049999999,600.9417639999999
192,1.030712,2457828.6602080003,0.9999788345985532,1.0003647586182425,0.0006331975120147225,0.0003859240196895097,620.518789,601.121086
193,1.03061,2457828.660402,0.9999394134322722,0.9992745809622648,0.0006280081184434857,-0.0006648324700075925,620.68625,600.686246
194,1.03051,2457828.660594,0.9998893830934816,1.00020136035162,0.0006343074175996474,0.0003119772581383629,620.721746,600.930845
195,1.030412,2457828.660785,0.9998319360071656,0.9988259944086632,0.0006306964707374249,-0.0010059415985023137,620.605624,600.707542
196,1.0303149999999999,2457828.660977,0.9997688618877328,0.9996009080121512,0.0006338311658209386,-0.00016795387558143915,620.460554,600.939058
197,1.030219,2457828.661169,0.9997025835434952,0.9992157078143248,0.0006373749081013947,-0.00048687572917038846,620.609679,600.715361
198,1.030123,2457828.661361,0.9996352253003112,0.9995425670628192,0.0006413311632098433,-9.265823749227133e-05,620.824939,601.0577030000001
199,1.030029,2457828.661555,0.999568404942931,0.9988064076723852,0.0006436976228991137,-0.0007619972705459332,620.503162,601.033513
200,1.029936,2457828.661748,0.9995059330673166,0.9995008835075732,0.0006496933583276001,-5.049559743453003e-06,620.735532,601.071004
201,1.0298450000000001,2457828.661941,0.999451347223846,0.9996995326379085,0.0006496574980174302,0.00024818541406212985,620.658125,601.046018
202,1.029755,2457828.662132,0.999413977254208,1.0001178927251957,0.0006520441994247528,0.0007039154709878037,620.472675,600.944013
203,1.029666,2457828.662324,0.9993979799226976,0.9998865697805994,0.0006524134665650691,0.0004885898579016779,620.469721,600.50943
204,1.029579,2457828.662516,0.9993842718356696,0.9986042551391048,0.0006495527096420035,-0.0007800166965649112,620.747691,601.079924
205,1.029492,2457828.6627080003,0.9993720124569272,0.9975346531711924,0.0006563951294596448,-0.0018373592857348078,620.640392,600.797463
206,1.029408,2457828.662899,0.9993609000714556,0.9987943094730928,0.0006620550829297906,-0.0005665905983628372,620.5991690000001,600.85239
207,1.029324,2457828.663091,0.9993506062360769,0.9990165724187374,0.0006628380337177599,-0.00033403381733942966,620.523403,601.067651
208,1.029241,2457828.663284,0.9993409947384704,0.9992106957475072,0.0006648468839138027,-0.00013029899096317354,620.769851,601.3373320000001
209,1.02916,2457828.6634759996,0.9993320543509904,0.9996527114927568,0.0006664508400568756,0.0003206571417662118,620.9679269999999,600.9246
210,1.02908,2457828.663668,0.9993236490206264,0.9992132016858898,0.0006590782899255236,-0.0001104473347366408,620.6312019999999,601.164249
211,1.029001,2457828.6638599997,0.9993157126096464,0.9976598418075531,0.000668027177028643,-0.0016558708020933954,620.568893,600.994427
212,1.028923,2457828.6640520003,0.9993081919636648,1.000746434287125,0.0006577978159932108,0.001438242323460348,620.603785,600.7897519999999
213,1.0288469999999998,2457828.664244,0.9993010437892692,0.9996371058290568,0.0006400213173160099,0.0003360620397877545,620.7222780000001,600.6727950000001
214,1.0287709999999999,2457828.664436,0.9992942319971048,0.9974953917569394,0.0006359956862220827,-0.0017988402401653003,620.663063,600.881397
215,1.028697,2457828.664628,0.9992877262169244,0.9999473662739,0.0006359659807207341,0.0006596400569758298,621.0197900000001,600.932052
216,1.028625,2457828.66482,0.999281500496204,1.0001475030785574,0.0006335467396964608,0.0008660025823533647,620.70675,601.276194
217,1.028553,2457828.6650119997,0.9992755324409144,0.9993167628501938,0.0006331198474829433,4.1230409279502396e-05,620.7727269999999,600.864901
218,1.028483,2457828.665204,0.9992698024769198,0.9987937771477838,0.0006315015088631475,-0.00047602532913593176,620.99937,601.1026509999999
219,1.028414,2457828.665396,0.9992642934953486,0.9989350785223416,0.0006279045267283692,-0.00032921497300697483,620.683229,601.319164
220,1.028346,2457828.6655880003,0.9992589902498126,0.9985232263917092,0.000631048973389027,-0.0007357638581033665,620.656692,600.8679549999999
221,1.0282790000000002,2457828.66578,0.9992538792587764,0.9994836978496396,0.0006377947043662877,0.00022981859086312892,620.604525,600.881627
222,1.028214,2457828.665972,0.999248948361972,0.9999035874636484,0.0006417726887692226,0.000654639101676624,620.522467,600.978422
223,1.028149,2457828.666166,0.9992441379118056,0.9976095466009692,0.0006522240239381354,-0.0016345913108363195,620.595742,600.926664
224,1.028086,2457828.6663599997,0.9992394900343308,0.9982517452109324,0.0006701386136210638,-0.000987744823398362,620.561849,600.8973219999999
225,1.028024,2457828.666552,0.9992350410469674,0.9987827684064656,0.0006820734947703829,-0.0004522726405017386,620.519831,601.246096
226,1.0279639999999999,2457828.666743,0.999230756181306,0.9981888575338348,0.0006729693600422978,-0.0010418986474711733,620.640434,601.076426
227,1.0279049999999998,2457828.6669349996,0.999226583129336,1.0011778938268328,0.0006708912227337769,0.0019513106974965446,620.89053,601.182379
228,1.027847,2457828.667127,0.9992225378157364,0.9986419321614146,0.0006721023423008665,-0.0005806056543218308,620.809848,601.209974
229,1.02779,2457828.667319,0.999218613977254,0.9998925577863836,0.000669615496659254,0.0006739438091296622,620.6164660000001,600.885008
230,1.027735,2457828.66751,0.9992148253083384,0.9996491451114128,0.0006650866413010192,0.0004343198030744011,620.363157,601.303474
231,1.02768,2457828.667702,0.999211126796382,0.9998397274460984,0.0006650655813859457,0.000628600649716593,620.237459,600.633425
232,1.027627,2457828.667895,0.999207515132797,0.999301676654923,0.0006630012240450544,9.416152212593508e-05,620.398854,600.7346679999999
233,1.027575,2457828.668087,0.999204023075138,0.9987570676686196,0.0006572750499294669,-0.0004469554065181791,620.491298,601.022691
234,1.0266950000000001,2457828.672703,0.999142160791316,0.9995722814770236,0.0006898895123770956,0.00043012068570735806,620.4961599999999,600.937887
235,1.026674,2457828.672895,0.9991402709562344,1.000813855508608,0.0006819841919967589,0.0016735845523736526,620.256254,600.69419
236,1.0266540000000002,2457828.673087,0.9991384224203866,0.9985690537341632,0.0006728857548438683,-0.0005693686862233704,620.472195,600.8805169999999
237,1.026635,2457828.673284,0.999136567521728,1.0007953456901777,0.0006687659180153834,0.001658778168449282,620.255066,600.875763
238,1.0266170000000001,2457828.673478,0.9991347811194072,0.9995226273808004,0.000666707438142721,0.0003878462613933209,620.234358,600.773458
239,1.0266,2457828.6736689997,0.999133060343514,0.9983021444247554,0.000660157143893975,-0.0008309159187587234,620.481231,601.195826
240,1.026585,2457828.6738630002,0.9991313501378916,0.9982086488663828,0.0006564851128934411,-0.0009227012715089523,620.356399,601.1105150000001
241,1.026571,2457828.674055,0.9991296939419168,0.9993677527263584,0.0006556664241223809,0.00023805878444171924,620.495887,600.826093
242,1.026558,2457828.674247,0.999128073019386,0.9989760152596044,0.0006585101913723858,-0.00015205775978177627,620.389128,600.933334
243,1.0265469999999999,2457828.674439,0.9991264865064924,0.9980230783987164,0.0006609529438992879,-0.0011034081077759827,620.087321,600.600816
244,1.0265360000000001,2457828.674632,0.999124925567179,0.9980643302079372,0.0006625826702051759,-0.001060595359241967,620.5245269999999,600.61562
245,1.026527,2457828.674823,0.9991234133954467,0.9979018790943064,0.0006638060522755702,-0.001221534301140359,620.428832,600.873136
246,1.026519,2457828.675015,0.9991219252143368,0.9987859148022092,0.0006683112612781289,-0.0003360104121277185,620.446529,600.6002129999999
247,1.026513,2457828.6752069998,0.9991204682776472,0.9977997887200932,0.0006748936604580577,-0.0013206795575539942,620.3592940000001,600.833571
248,1.026507,2457828.6753990003,0.999119041851392,0.9993300083279412,0.0006810930670393678,0.00021096647654927916,620.45384,601.172433
249,1.0265030000000002,2457828.67559,0.9991176524471594,0.9984856697686808,0.0006798490708237343,-0.0006319826784785265,620.461398,600.710011
250,1.026498,2457828.6759740002,0.9991149457232464,0.999108713388391,0.0006777787562393477,-6.232334855305055e-06,620.304598,601.012608
251,1.026498,2457828.676166,0.9991136344776708,0.998549521253963,0.0006781922046264166,-0.0005641132237076407,620.444353,601.0369929999999
252,1.026498,2457828.6763580004,0.9991123504818428,0.9981130286481398,0.0006794332733512541,-0.000999321833702882,620.1445110000001,600.885018
253,1.0265,2457828.67655,0.9991110931588176,0.9989266629886092,0.0006732396107645132,-0.0001844301702084161,620.109754,600.2381809999999
254,1.0265030000000002,2457828.676742,0.9991098619290806,1.0006399261166965,0.0006691265244349537,0.0015300641876159204,619.676796,599.384692
255,1.026528,2457828.67751,0.9991051871977228,0.9981331181148108,0.0006679042047210368,-0.0009720690829120304,619.3197809999999,598.4326769999999
256,1.026537,2457828.677704,0.999104067085538,1.0000837762538182,0.0006499753118157271,0.0009797091682800518,619.69782,599.330388
257,1.026559,2457828.678087,0.9991019243137188,0.9996854763842792,0.0006239861926710304,0.0005835520705603782,619.8943559999999,599.523783
258,1.026571,2457828.678279,0.9991008834931738,0.9996834607190066,0.0006204412858305487,0.0005825772258327699,620.130101,600.206637
259,1.026585,2457828.678471,0.9990998643779972,1.000590628301578,0.0006200533835098388,0.001490763923580607,620.06368,600.6512759999999
260,1.026601,2457828.678665,0.9990988562686428,0.9984263270837788,0.0006188800003338411,-0.0006725291848638237,620.3581690000001,600.745246
261,1.0266170000000001,2457828.678857,0.9990978795439259,0.9999741470213019,0.000620460115331791,0.0008762674773760137,620.585597,601.513347
262,1.026635,2457828.679048,0.9990969282383314,0.9994048766238616,0.0006208612614448723,0.0003079483855301657,620.370398,600.932007
263,1.0266540000000002,2457828.67924,0.9990959920097487,0.9986183886872194,0.0006204752619161465,-0.0004776033225294407,620.595895,601.262326
264,1.026674,2457828.679432,0.9990950755241582,0.9994244800348256,0.0006212711421337955,0.0003294045106674304,620.190802,600.817721
265,1.0266950000000001,2457828.679624,0.9990941784234072,0.997827873617942,0.0006208858091814298,-0.0012663048054651904,620.189137,600.546811
266,1.026718,2457828.679816,0.9990933003597504,0.9995401310123484,0.0006216832040927461,0.00044683065259798477,620.178816,600.72142
267,1.026741,2457828.680008,0.9990924409955038,0.9999394030858916,0.0006220868248273947,0.000846962090387926,620.000953,600.861363
268,1.026766,2457828.6802,0.9990916000047322,0.9999615250192224,0.0006220970352185692,0.0008699250144901249,620.020455,600.501435
269,1.026792,2457828.680392,0.9990907770648226,0.999480780121678,0.0006225020195038741,0.00039000305685543685,620.05407,600.8985230000001
270,1.02682,2457828.680584,0.999089971868422,0.9993158356000441,0.0006221190912127088,0.00022586373162214457,620.153517,600.643821
271,1.026848,2457828.680776,0.999089184114946,0.9996552665195536,0.0006225248789943543,0.0005660824046077595,620.202329,600.596715
272,1.026878,2457828.680968,0.9990884135123704,0.9998393115853108,0.0006233262801994456,0.0007508980729402648,620.248951,600.91927
273,1.026909,2457828.6811599997,0.9990876597787768,0.9990427663021096,0.0006225497821021543,-4.4893476667140504e-05,620.141524,600.593943
274,1.026942,2457828.681352,0.9990869226330624,0.9995697665629172,0.0006237471706931753,0.0004828439298548704,620.095766,600.676153
275,1.026975,2457828.681544,0.9990862018145108,0.9987636668097444,0.0006229712034637207,-0.0003225350047666442,620.05671,600.576872
276,1.02701,2457828.6817349996,0.9990855006878362,0.9989270733990896,0.0006237748836504702,-0.00015842728874659873,620.186313,600.508365
277,1.027046,2457828.681927,0.9990848116578946,0.9993660719627888,0.0006237895565748357,0.0002812603048941709,620.13123,600.845653
278,1.027083,2457828.68212,0.99908413472904,0.9991584046859018,0.000623804638060658,7.426995686166116e-05,619.976501,600.6083309999999
279,1.027121,2457828.6823130003,0.9990834732844628,0.9994712045988052,0.0006238201281885045,0.00038773131434244323,620.305523,600.7149559999999
280,1.027161,2457828.682504,0.9990828337106128,0.998987924431111,0.0006234416969867153,-9.490927950184248e-05,619.9526440000001,600.647733
281,1.027202,2457828.6826959997,0.9990822056180824,0.9991523576803374,0.0006238531501170306,7.015206225502446e-05,620.0801700000001,600.43921
282,1.027244,2457828.682889,0.9990815890154192,0.9999655100996591,0.0006242651462817338,0.0008839210842398471,619.573565,600.646333
283,1.027287,2457828.68308,0.9990809931647568,0.999694942605548,0.0006246776845313487,0.0006139494407911839,620.150742,601.09867
284,1.027332,2457828.683273,0.999080405376346,0.9987807474273342,0.0006246960116787063,-0.0002996579490118778,620.083984,600.271635
285,1.027377,2457828.6834650002,0.9990798346988174,0.9995918674433468,0.0006251094879792557,0.0005120327445293782,620.1102099999999,600.830922
286,1.027424,2457828.683657,0.9990792778553059,0.9994032881704568,0.0006251286206682879,0.0003240103151508356,619.873106,600.37537
287,1.0274729999999999,2457828.683852,0.9990787262727178,0.9986621210475636,0.0006255438468562187,-0.0004166052251542984,620.127244,600.852893
288,1.027523,2457828.684045,0.9990781940168566,0.9993802316242608,0.0006263551838710361,0.00030203760740421526,620.056857,600.517656
289,1.027574,2457828.6842380003,0.9990776751754882,0.9990679680542712,0.0006267716249954084,-9.707121216950833e-06,620.18979,600.357188
290,1.027626,2457828.68443,0.9990771721616653,0.999313362864838,0.000627188601325369,0.00023619070317293375,620.325801,600.426622
291,1.027679,2457828.684622,0.9990766820814854,0.999082039920242,0.0006295883698618037,5.357838756547828e-06,620.2284639999999,600.608656
292,1.027733,2457828.684814,0.9990762047730862,0.999553221951994,0.0006323916331134459,0.0004770171789078015,620.5051900000001,600.713755
293,1.0278450000000001,2457828.685198,0.9990752878435546,0.9994103993734372,0.0006464508900242725,0.0003351115298826368,619.987507,600.375016
294,1.027903,2457828.68539,0.9990748479202276,0.998406170094806,0.0006521278910405238,-0.0006686778254217929,620.219525,600.387427
295,1.027962,2457828.685581,0.9990744223612404,0.9997583538953808,0.0006545822905972799,0.0006839315341404807,620.2146280000001,600.8106230000001
296,1.028022,2457828.685773,0.9990740065703009,0.9989366652798948,0.0006469235881179585,-0.00013734129040632317,620.118463,600.5239429999999
297,1.028084,2457828.685966,0.9990736005999868,0.9984926505879156,0.0006465450936192222,-0.0005809500120711464,620.016493,600.6292129999999
298,1.028147,2457828.686158,0.9990732085247288,0.9989718784891182,0.0006433517548431869,-0.00010133003561052512,620.0978190000001,600.731578
299,1.028211,2457828.68635,0.9990728280839136,0.9988542034505026,0.0006401681698691176,-0.00021862463341104643,619.9185269999999,600.1675150000001
300,1.028276,2457828.686541,0.999072461047266,0.9998905868751669,0.0006401940604557066,0.0008181258279007508,620.138719,600.053225
301,1.028343,2457828.686733,0.9990721034524996,0.9988642314555479,0.0006370213095923888,-0.00020787199695160297,620.019321,600.248024
302,1.028411,2457828.686925,0.9990717571370484,0.9988048889704446,0.0006366492815404576,-0.0002668681666037065,620.0935860000001,600.047575
303,1.0284790000000001,2457828.6871169996,0.9990714219910704,0.9983704078124908,0.0006370757692150909,-0.0007010141785794842,620.506329,600.504562
304,1.028549,2457828.687309,0.9990710979053882,0.9986223399114788,0.0006367045835686268,-0.000448757993909421,620.436604,600.469092
305,1.028621,2457828.6875,0.9990707863824501,0.9991281988192876,0.0006383311350453814,5.7412436837545044e-05,620.288663,600.154146
306,1.028693,2457828.6876919996,0.9990704840605446,0.998341208006058,0.0006391596118281208,-0.0007292760544866939,620.280837,600.205991
307,1.028767,2457828.6878830004,0.9990701939922559,0.9998854869592436,0.0006419925059941205,0.0008152929669875687,620.079428,599.94088
308,1.028842,2457828.688075,0.9990699130521709,0.9992870712112472,0.0006452346024061777,0.00021715815907641378,620.010852,599.8121150000001
309,1.0289190000000001,2457828.688269,0.9990696399352432,0.9994696495386288,0.0006476801088714943,0.0004000096033857092,619.842567,599.844789
310,1.028997,2457828.688461,0.9990693801878691,0.9985881197691092,0.0006521512439560548,-0.00048126041875984343,620.08236,599.9042559999999
311,1.029075,2457828.6886529997,0.9990691308586152,0.9996602276656577,0.0006582632135987838,0.0005910968070422795,619.986214,599.412416
312,1.029156,2457828.688846,0.9990688906502052,1.0000132569258104,0.0006591077559316053,0.0009443662756053461,620.2566879999999,600.542504
313,1.0292370000000002,2457828.689037,0.9990686631429638,0.9989898977712888,0.0006615815241776499,-7.876537167494925e-05,620.210133,600.152461
314,1.029319,2457828.689229,0.9990684446113388,0.9984985926700914,0.0006616132084159046,-0.0005698519412472568,620.5190259999999,600.556024
315,1.029406,2457828.689427,0.9990682298551858,0.9994229833116832,0.0006657275052426305,0.0003547534564973809,620.398333,600.281108
316,1.029491,2457828.68962,0.9990680308188148,0.9993546101496482,0.0006588311522632099,0.0002865793308335362,620.145533,600.172317
317,1.02958,2457828.6898189997,0.9990678361718249,0.9980729448876328,0.000660899604889933,-0.0009948912841922788,620.1885110000001,600.016707
318,1.029668,2457828.6900110003,0.9990676584901385,0.9989574834721228,0.0006609336711212037,-0.00011017501801557915,619.77252,599.8590730000001
319,1.029757,2457828.690203,0.99906749069155,0.9989700509354816,0.0006597475202576665,-9.743975606857358e-05,620.169356,599.6052540000001
320,1.0298479999999999,2457828.690397,0.9990673311290664,0.9979140682344124,0.0006589697909663604,-0.0011532628946541168,620.1473980000001,599.481138
321,1.029939,2457828.690588,0.9990671837898352,1.000357473088883,0.0006602248290342008,0.001290289299047731,620.025329,600.143107
322,1.030031,2457828.69078,0.9990670453902208,0.9991531027979372,0.000658634619751675,8.605740771638891e-05,620.20752,599.817471
323,1.030125,2457828.690972,0.9990669166836591,0.9994397326991812,0.0006607037577294247,0.0003728160155223037,620.186652,600.532072
324,1.0302200000000001,2457828.691165,0.9990667970359632,0.9982585152285978,0.0006619616643350818,-0.0008082818073654742,620.449941,600.0083070000001
325,1.030316,2457828.691356,0.9990666881956112,0.9991535930710476,0.0006648524224715973,8.690487543638879e-05,620.267816,599.83326
326,1.030413,2457828.691548,0.9990665883440444,0.9993844047529828,0.0006681586721640169,0.00031781640893835394,620.3883900000001,599.911858
327,1.030512,2457828.69174,0.9990664980456792,0.9989650096099943,0.000675580928040701,-0.0001014884356849155,620.25999,599.94648
328,1.030612,2457828.6919319998,0.9990664172730604,1.0000039282950617,0.0006809766993827224,0.0009375110220012359,620.237836,599.672572
329,1.030712,2457828.692123,0.9990663463476448,0.9989971637560272,0.0006843214899028009,-6.91825916174782e-05,620.2849269999999,599.844256
330,1.030815,2457828.692315,0.9990662845054322,1.0001210669469065,0.0006876746745243839,0.001054782441474056,620.348577,599.721042
331,1.030918,2457828.692507,0.9990662321234968,0.997739988258653,0.0006806791749214028,-0.0013262438648437016,620.092214,599.787272
332,1.031023,2457828.6926990002,0.99906618918584,0.9999691927652185,0.0006807187700047207,0.0009030035793783363,620.036033,599.774261
333,1.031134,2457828.6929,0.9990661543399834,0.9984175298719355,0.0006766398210122107,-0.0006486244680476982,620.205366,600.0530160000001
334,1.031241,2457828.693091,0.9990661307946154,0.9984657799547786,0.0006770919372326981,-0.0006003508398367829,620.02892,599.856391
335,1.03135,2457828.693283,0.9990661165147632,0.998350619250366,0.0006775448939061179,-0.0007154972643970138,620.108706,600.047776
336,1.031463,2457828.69348,0.9990661116427432,0.9982426033322152,0.000672657016416466,-0.0008235083105280205,620.178211,599.935372
337,1.0315729999999999,2457828.6936709997,0.999066116375088,0.9977643518329272,0.0006731092292831688,-0.0013017645421610213,620.068891,599.4533150000001
338,1.031686,2457828.6938630003,0.999066130516708,0.9981963102608578,0.0006743836091170173,-0.000869820255850251,620.025325,599.59887
339,1.0318,2457828.694056,0.999066154218872,0.9987268515060032,0.0006736061948523981,-0.0003393027128687498,619.994787,599.549025
340,1.031915,2457828.694248,0.9990661872432656,0.9990778483628472,0.0006752922750731377,1.1661119581507505e-05,619.935962,599.2976259999999
341,1.032031,2457828.69444,0.9990662296982364,0.9986584532198584,0.000676158251246402,-0.0004077764783779747,619.849977,599.619045
342,1.032148,2457828.694632,0.9990662815966084,0.998378855048816,0.0006861016908678398,-0.0006874265477923025,620.217577,600.0534309999999
343,1.032267,2457828.6948240004,0.9990663429546432,0.9998401818994992,0.0006927834147347718,0.0007738389448561643,620.157579,599.646077
344,1.0323870000000002,2457828.6950169997,0.9990664141841896,0.998650918539972,0.0006990767522770184,-0.00041549564421761165,620.538816,599.877923
345,1.032508,2457828.695208,0.9990664941262929,0.9990934162356092,0.000713798057052091,2.692210931609651e-05,620.075652,599.904474
346,1.03263,2457828.6954,0.999066583986456,0.9984452166801376,0.0007197491378143402,-0.0006213673063182322,620.273199,599.350735
347,1.032753,2457828.695591,0.9990666828557884,0.9989576128568745,0.000721484543336766,-0.0001090699989138022,620.375366,599.5343379999999
348,1.032878,2457828.695783,0.9990667918001326,1.0002258388310121,0.0007181483599083522,0.0011590470308794345,619.7672759999999,599.119462
349,1.033005,2457828.695975,0.9990669103600266,1.0005340920064028,0.0007122939139824813,0.00146718164637627,619.794296,598.8339490000001
350,1.033132,2457828.6961669996,0.9990670385715256,0.997969466911576,0.0007228893727646037,-0.0010975716599495033,620.198368,599.243443
351,1.033261,2457828.696359,0.9990671764749746,1.0002469466445878,0.0007335479650623672,0.0011797701696133476,620.110647,599.256542
352,1.036893,2457828.701167,0.9990739707119951,1.00010620639106,0.0006895421780725402,0.0010322356790649634,620.037062,599.284721
353,1.0370540000000001,2457828.701359,0.9990743854556702,0.9991522637964908,0.0006801297667813418,7.787834082051415e-05,620.271373,598.891515
354,1.037217,2457828.7015509997,0.9990748122144802,0.9986227408056592,0.0006781415914524113,-0.0004520714088209754,620.418432,599.327039
355,1.0373809999999999,2457828.701742,0.9990752488125941,0.9988706290339756,0.0006753392963671968,-0.00020461977861829794,620.134045,599.102456
356,1.037548,2457828.701936,0.9990757047275918,1.00111797860895,0.0006721370446086584,0.0020422738813582475,620.060988,598.335091
357,1.037714,2457828.702127,0.9990761660068532,0.998254629684594,0.0006673173360456223,-0.0008215363222593419,620.255186,598.8802450000001
358,1.037886,2457828.702324,0.999076654843082,0.9987867632643008,0.000668197229364222,-0.0002898915787811207,620.346494,599.1932879999999
359,1.038055,2457828.702516,0.9990771441979726,0.9981813073805356,0.0006629911244585428,-0.0008958368174368793,620.1729650000001,599.069974
360,1.038226,2457828.7027080003,0.9990776464808238,0.9982486873490152,0.0006570041375428098,-0.000828959131808471,620.248459,599.180695
361,1.038398,2457828.7029,0.9990781618545704,0.998689697360584,0.00065305394827829,-0.0003884644939865512,620.188151,598.341186
362,1.038571,2457828.703092,0.9990786904958278,0.9983849558572572,0.0006455276937428197,-0.0006937346385705867,620.09464,597.866376
363,1.03892,2457828.703475,0.9990797853643952,0.9983964924628246,0.0006393150548985384,-0.0006832929015707645,620.21245,598.186137
364,1.0390979999999999,2457828.703668,0.999080357825502,0.9991794728717088,0.0006378055619630882,9.911504620696564e-05,620.518559,598.849911
365,1.039277,2457828.703861,0.9990809444429932,0.9993977338088283,0.0006359047326620308,0.00031678936583523504,620.3839849999999,598.653966
366,1.0396370000000001,2457828.704244,0.9990821512912236,0.999455534163733,0.0006348705658369648,0.0003733828725093202,620.426696,599.095614
367,1.040003,2457828.7046290003,0.9990834231260248,0.9999493619413498,0.0006346279663919754,0.0008659388153248183,620.108909,598.67658
368,1.040188,2457828.704821,0.9990840799281194,0.9992357896868508,0.000633917498874042,0.0001517097587313554,620.0511240000001,598.949923
369,1.040373,2457828.7050119997,0.9990847484967551,0.9980811822869272,0.0006332078657203444,-0.0010035662098278886,620.148407,598.707646
370,1.040561,2457828.705204,0.9990854360716541,0.9989541549340828,0.0006336788343894981,-0.00013128113757132628,620.417936,599.034729
371,1.0407520000000001,2457828.705399,0.999086150549362,0.9989129784435878,0.0006333650832227943,-0.0001731721057740554,620.169451,598.761808
372,1.040942,2457828.705591,0.9990868702047632,0.9997115267885848,0.0006338368357100844,0.0006246565838218254,619.917567,598.418096
373,1.041134,2457828.705784,0.9990876100401999,0.9995687293341382,0.0006331309584704728,0.00048111929393823694,620.075791,598.827526
374,1.041326,2457828.705976,0.999088362659202,0.9988958893034764,0.0006324259295892853,-0.00019247335572569743,620.4298309999999,598.8868620000001
375,1.041521,2457828.706168,0.9990891321267212,0.9991684389331832,0.0006325070923801911,7.930680646195398e-05,619.897697,598.166229
376,1.041715,2457828.7063599997,0.9990899187240108,0.9995179271797584,0.0006325878663175536,0.00042800845574775265,620.202386,598.282091
377,1.0419120000000002,2457828.7065520003,0.9990907227483188,0.9996059246887036,0.0006326699172684298,0.0005152019403847907,620.2238629999999,598.434107
378,1.04211,2457828.706744,0.999091544491848,0.9985448714473354,0.0006319686274088832,-0.0005466730445127245,620.364983,598.902926
379,1.042308,2457828.7069349997,0.9990923798471706,0.9988561208878234,0.0006320512539915606,-0.000236258959347202,620.250784,599.0245639999999
380,1.042509,2457828.707128,0.99909324239671,0.9998322021635064,0.0006325268727502893,0.0007389597667964988,619.846814,598.4136530000001
381,1.0427110000000002,2457828.70732,0.9990941192013004,0.9989456437255804,0.000632219516154636,-0.00014847547572005568,620.3493980000001,597.700831
382,1.042914,2457828.707512,0.9990950150201268,0.99953600519856,0.0006323043181453308,0.00044099017843324256,620.1629889999999,598.3516089999999
383,1.043118,2457828.707703,0.9990959253817636,0.9988138632815708,0.0006343489059024597,-0.00028206210019288136,620.410062,598.446917
384,1.0433270000000001,2457828.707898,0.9990968749404916,1.000550823939514,0.0006348282898404785,0.001453948999022292,619.990846,597.8973219999999
385,1.043534,2457828.708091,0.9990978351669066,0.9992750675028936,0.0006333465538854383,0.0001772323359868766,620.5255089999999,597.900159
386,1.043742,2457828.708283,0.999098810941791,0.9994384950281852,0.0006342170318591924,0.00033968408639417635,620.339614,598.580697
387,1.043952,2457828.708475,0.9990998075799541,0.9982557480211331,0.0006335212367853956,-0.0008440595588208312,620.339653,598.181857
388,1.044163,2457828.708667,0.9991008254818606,0.9981496389101052,0.0006328267379895243,-0.0009511865717554137,620.41767,598.15465
389,1.044589,2457828.709051,0.9991029267634944,0.9987998373392089,0.0006330051800507902,-0.0003030894242856963,620.676457,598.807026
390,1.044805,2457828.709244,0.9991040167161456,0.9992323195504328,0.0006327047486929975,0.0001283028342874415,620.4629309999999,598.992757
391,1.045021,2457828.709436,0.9991051240908141,0.999564710334174,0.000633186269831596,0.00045958624335995507,620.332203,598.768426
392,1.04524,2457828.709629,0.9991062608979656,0.9989974932759892,0.0006340602909631461,-0.00010876762197653543,620.095152,598.176746
393,1.045458,2457828.7098209998,0.9991074158384946,0.998568543653282,0.0006341516474489344,-0.0005388721852125355,620.337923,597.53891
394,1.045679,2457828.710014,0.9991086014576304,0.998702322970924,0.0006338532475410169,-0.00040627848670649064,619.945866,597.853831
395,1.045901,2457828.710206,0.9991098059823436,0.9997020180521696,0.0006339464087283854,0.0005922120698259593,619.9260830000001,598.1804490000001
396,1.046123,2457828.710397,0.9991110295514832,0.9984413057488744,0.0006332582118054737,-0.0006697238026089902,620.2132019999999,598.826189
397,1.046348,2457828.7105900003,0.9991122921414144,0.9999303112019912,0.0006341340984964162,0.00081801906057688,620.026122,597.7718980000001
398,1.046574,2457828.710782,0.999113574893142,0.9982185482688588,0.0006338383890388072,-0.0008950266242834238,620.142153,598.608785
399,1.0468,2457828.710973,0.9991148779836282,0.9991020601837209,0.0006343240350785987,-1.2817799907138827e-05,620.455687,598.2892509999999
400,1.047029,2457828.711167,0.9991162297369744,0.9987817716607346,0.0006340297791996087,-0.0003344580762398852,620.0101179999999,597.256679
401,1.04726,2457828.71136,0.999117603367649,0.9988371037512396,0.000633346516498654,-0.00028049961640952414,620.468793,597.8757429999999
402,1.047491,2457828.711552,0.9991189990781991,0.9992529704305232,0.0006338340042887115,0.00013397135232418034,620.594192,598.055268
403,1.0477290000000001,2457828.711749,0.9991204621123352,0.9980889341470668,0.0006331543911388341,-0.0010315279652683973,620.416833,598.912756
404,1.047963,2457828.711941,0.9991219189205504,0.9984424453381138,0.0006332531798837205,-0.000679473582436696,620.182349,598.8741809999999
405,1.048197,2457828.712132,0.9991233991322176,0.9978435057970768,0.0006329624058850308,-0.0012798933351407804,620.1190349999999,597.9591389999999
406,1.048433,2457828.712324,0.9991249189968971,0.999306341238535,0.0006334517217924463,0.00018142224163786302,620.623704,598.532171
407,1.0486719999999998,2457828.712517,0.9991264797936382,0.9996317128127068,0.0006335527439557801,0.0005052330190685739,620.468823,598.443787
408,1.0489110000000001,2457828.7127099996,0.9991280745109526,0.9998539966845512,0.0006340433840405187,0.0007259221735986808,620.04581,597.6383490000001
409,1.049151,2457828.712901,0.9991296869347142,0.9988150486677172,0.0006333659813866532,-0.0003146382669970693,620.16003,597.9519230000001
410,1.0493940000000002,2457828.713094,0.9991313516991506,0.9995557882522424,0.0006338581756605997,0.0004244365530918781,620.457801,597.534887
411,1.049636,2457828.713285,0.999133035204088,0.9998967068460741,0.0006343500229629854,0.0007636716419860968,620.522879,597.682284
412,1.04988,2457828.713477,0.9991347645373616,0.9990770296979504,0.0006340639840032818,-5.773483941096114e-05,620.207132,597.831795
413,1.0501260000000001,2457828.71367,0.9991365412597908,0.9993410515175666,0.0006341682239396948,0.00020451025777579182,620.1043139999999,597.786879
414,1.050373,2457828.713862,0.9991383479807908,1.000301522985244,0.0006346621282294222,0.0011631750044531766,620.299961,597.585684
415,1.050624,2457828.714055,0.99914020458192,0.9994692950923048,0.0006347685118571251,0.0003290905103849884,620.4682230000001,597.234503
416,1.050876,2457828.714249,0.9991421128219752,0.9995880093309278,0.0006344862996872126,0.000445896508952659,620.100466,597.5934269999999
417,1.05113,2457828.714443,0.9991440643656744,0.9993190132354316,0.000634594113877067,0.00017494886975721882,620.6447440000001,598.6066099999999
418,1.0516370000000002,2457828.714827,0.99914805976899,0.9990353879415008,0.000634420750341033,-0.00011267182748897485,620.487934,597.939621
419,1.051892,2457828.71502,0.9991501369528624,1.000343864189088,0.0006349178373712572,0.0011937272362255724,620.561471,597.557811
420,1.052149,2457828.715212,0.9991522510298309,0.9988171562630506,0.0006342501270886268,-0.00033509476678017514,620.836616,597.4824679999999
421,1.0526659999999999,2457828.7155959997,0.999156627522272,0.9982655029333218,0.0006344703720055784,-0.0008911245889502428,620.2177,597.914886
422,1.052929,2457828.715789,0.9991589049272188,0.9993833926580602,0.0006353590671412159,0.0002244877308414939,620.237082,598.092263
423,1.053191,2457828.715981,0.99916122430193,0.9985561725073274,0.0006346942235163753,-0.0006050517946026844,620.569119,598.1415
424,1.0534540000000001,2457828.716173,0.999163599024294,0.9991887747949192,0.0006351945110056741,2.517577062544074e-05,620.410021,597.679484
425,1.053718,2457828.7163650002,0.9991660308917216,0.9990529965500414,0.0006353071334977014,-0.00011303434168008496,620.3184650000001,597.954335
426,1.053985,2457828.716557,0.9991685217871044,0.9989091724259668,0.0006354210872397551,-0.0002593493611374731,620.327504,598.597885
427,1.054252,2457828.7167490004,0.9991710737160198,0.9992556434909916,0.0006359231190331437,8.456977497184326e-05,620.3876740000001,598.060758
428,1.0545209999999998,2457828.71694,0.9991736749623084,0.9987542601170352,0.0006356500044976087,-0.0004194148452731916,620.436302,597.5717070000001
429,1.05479,2457828.717132,0.9991763549665916,0.9992515912147532,0.0006361528548880053,7.523624816152541e-05,620.534843,597.571287
430,1.055065,2457828.717326,0.9991791315995706,0.9986089650566752,0.0006354948984652361,-0.0005701665428954339,620.5510690000001,596.9651700000001
431,1.0553379999999999,2457828.717518,0.9991819500860809,0.9993577295844503,0.0006363870768554732,0.00017577949836944384,620.315525,597.473134
432,1.055612,2457828.71771,0.9991848412987364,1.000335801391549,0.00063689210244402,0.0011509600928130135,620.058627,598.838575
433,1.0558889999999999,2457828.717903,0.999187823646602,0.9989851177859296,0.0006362352011757938,-0.00020270586067250296,620.709294,597.0764
434,1.056166,2457828.718095,0.99919086917077,0.99975399698733,0.0006367413876532769,0.0005631278165599829,620.639021,596.528644
435,1.056445,2457828.718286,0.9991939797309674,0.9999038261817252,0.0006368608870437684,0.0007098464507577784,620.341278,597.218313
436,1.056726,2457828.718479,0.9991972081352049,0.9996881130353882,0.000636593918839096,0.000490904900183442,620.2371730000001,597.46972
437,1.057007,2457828.718671,0.9992005084093344,1.0000451442943197,0.000637101770555962,0.0008446358849851787,620.385281,598.712757
438,1.05729,2457828.718863,0.9992039008164564,0.999129922446478,0.0006368359221132862,-7.397836997813377e-05,620.4299900000001,598.471287
439,1.057574,2457828.7190549998,0.9992073893720586,0.9987160588289896,0.000636957869302571,-0.0004913305430688242,620.351092,598.521384
440,1.05786,2457828.7192470003,0.9992109784129596,0.9987291291786824,0.0006366938107792808,-0.0004818492342770764,620.524763,597.688808
441,1.0581459999999998,2457828.719439,0.9992146725320492,0.9995674039943416,0.0006372036589042229,0.0003527314622925326,620.619275,597.168625
442,1.0584360000000002,2457828.719632,0.9992184968496596,0.9996232389516874,0.0006373283632143074,0.0004047421020277886,620.3974059999999,597.7373299999999
443,1.058725,2457828.719823,0.999222396376782,0.9998414580266604,0.0006378395579697341,0.0006190616498782386,620.1788650000001,597.335241
444,1.05902,2457828.7200169996,0.9992264800034392,0.999651412015395,0.0006379664598344853,0.0004249320119557032,620.5585110000001,597.31283
445,1.059609,2457828.720403,0.9992349995442984,0.99964239387859,0.0006386068131675828,0.00040739433429159977,620.629898,597.349111
446,1.0599049999999999,2457828.720595,0.9992394471365391,0.9996428925475206,0.0006391211332828527,0.0004034454109815844,620.7552009999999,597.645796
447,1.060201,2457828.720787,0.9992440448305291,1.0000426674879046,0.0006388617662744019,0.000798622657375625,620.584686,597.1024150000001
448,1.060499,2457828.720979,0.9992488015635144,1.0000954643082598,0.0006389902003549656,0.000846662744745319,620.363387,596.789433
449,1.060798,2457828.7211700003,0.999253701071905,0.9989373368501984,0.0006395057726763754,-0.00031636422170677747,620.6235429999999,597.528721
450,1.0611,2457828.721363,0.9992588325476134,0.999879223170972,0.0006396359831735967,0.0006203906233587242,620.73691,598.524778
451,1.061403,2457828.7215549997,0.9992641297482544,0.9998470354855156,0.0006397666913116124,0.0005829057372610523,620.410742,597.419801
452,1.061706,2457828.7217470002,0.9992696323040658,0.9981951137259104,0.0006391248166914111,-0.0010745185781555477,620.36609,597.8160790000001
453,1.062011,2457828.721938,0.9992753248998268,0.9995503147275288,0.0006400291712147185,0.0002749898277020213,620.178693,598.0089019999999
454,1.0623209999999998,2457828.722132,0.9992813475832436,0.9996217594831333,0.0006405495117631027,0.0003404118998895367,620.491322,598.015163
455,1.062629,2457828.722324,0.9992875665738408,0.9994844726377334,0.0006402962429830938,0.00019690606389255458,620.556024,598.2033309999999
456,1.063253,2457828.72271,0.9993009413438314,0.9983626101728864,0.0006397943469610081,-0.0009383311709451061,620.177869,597.4262669999999
457,1.063566,2457828.722902,0.9993080843477544,0.9992511716823548,0.0006403157801780908,-5.691266539975537e-05,620.421938,597.153848
458,1.06388,2457828.723094,0.9993155992099804,0.9987699239179696,0.0006400662023780718,-0.0005456752920107721,620.677736,596.386466
459,1.064196,2457828.723287,0.999323571640684,0.9988001126566964,0.0006402033221183296,-0.0005234589839875348,620.538334,596.703809
460,1.064516,2457828.723481,0.9993320624067168,1.0003650719289474,0.0006411134335014412,0.0010330095222306213,620.579605,596.854435
461,1.064834,2457828.723673,0.9993410033502912,0.999816440007919,0.0006408658125513168,0.00047543665762794795,620.470929,598.121868
462,1.0651549999999999,2457828.723865,0.9993505638919932,0.9988785891522496,0.0006410052407336887,-0.0004719747397433638,620.637126,597.042765
463,1.065477,2457828.7240580004,0.9993609100805276,1.0000709031694002,0.0006415305997889341,0.0007099930888722072,620.256801,596.752549
464,1.065799,2457828.724249,0.9993720233694324,0.9982429570698838,0.0006409000167101393,-0.0011290662995485645,620.2067400000001,597.629887
465,1.066123,2457828.724441,0.999384283869516,0.9985180210240469,0.0006410410597622393,-0.0008662628454690903,620.7735849999999,597.538563
466,1.066448,2457828.7246330003,0.999397993608932,0.998194673457364,0.0006407977731353753,-0.001203320151567988,620.886359,598.246364
467,1.066776,2457828.7248259997,0.9994140858441294,0.9982263707868659,0.0006413255538182043,-0.0011877150572633386,620.939168,597.773784
468,1.067108,2457828.725019,0.9994521509138194,0.9987005909556086,0.0006414703156338112,-0.0007515599582108567,620.6482530000001,597.619096
469,1.067441,2457828.725214,0.9995075281293538,0.999687777154185,0.0006420003389205254,0.00018024902483115834,619.9834030000001,597.021389
470,1.067775,2457828.725407,0.999570150361538,0.99945194934397,0.0006425308678355362,-0.00011820101756809807,620.403184,596.9829179999999
471,1.068108,2457828.725599,0.9996363375242844,0.9988394533341828,0.0006422913988970017,-0.0007968841901017099,620.623648,597.06817
472,1.0687790000000001,2457828.7259830004,0.9997699381938092,0.9994594797528488,0.0006429690885043517,-0.0003104584409604483,620.550446,597.854101
473,1.069115,2457828.726175,0.9998329414130668,1.0000292236756159,0.0006431159072468375,0.00019628226254941872,620.399345,597.1475690000001
474,1.0694540000000001,2457828.726367,0.9998905639742468,0.9998889196291728,0.0006436486652985433,-1.644345073881226e-06,620.29319,596.837592
475,1.0697969999999999,2457828.72656,0.9999406290233076,1.0005934528011735,0.0006445680225947907,0.0006528237778657964,620.028682,596.7474480000001
476,1.070139,2457828.7267529997,0.9999795250289484,0.9999387369029741,0.0006451023034726022,-4.078812597430037e-05,620.2756559999999,597.385081
477,1.070483,2457828.7269450002,1.0,0.999907554970692,0.0006448678334479281,-9.244502930805254e-05,620.6867,597.951003
478,1.07083,2457828.727139,1.0,0.9994565210691441,0.0006446351047177394,-0.000543478930856045,620.367908,597.4499059999999
479,1.071177,2457828.727331,1.0,0.9991749114404856,0.0006447870660279162,-0.0008250885595143531,620.5145349999999,597.6349849999999
480,1.071525,2457828.727523,1.0,1.0006176322083191,0.0006453238837222798,0.0006176322083190077,620.350376,597.613879
481,1.071874,2457828.727715,1.0,0.9994087361255544,0.0006447084896523338,-0.0005912638744455245,620.274733,597.497829
482,1.0722260000000001,2457828.7279080003,1.0,1.000181156330786,0.0006448629995505046,0.00018115633078596985,620.543753,597.072318
483,1.0725770000000001,2457828.728099,1.0,0.9992910568890288,0.000645017159922111,-0.0007089431109712496,620.665216,597.679336
484,1.072942,2457828.7282970003,1.0,0.999539594496825,0.0006455613612447687,-0.0004604055031750542,620.667552,597.424974
485,1.0732959999999998,2457828.728489,1.0,1.0015138455054484,0.0006457169307912179,0.001513845505448419,620.8692440000001,598.108383
486,1.073652,2457828.728681,1.0,1.000294892085872,0.0006454898590212982,0.00029489208587174515,620.808963,597.691967
487,1.074009,2457828.7288720002,1.0,0.9994249073274863,0.0006452636697918781,-0.0005750926725135441,620.657769,597.3696
488,1.0743719999999999,2457828.729066,1.0,0.9999635153682817,0.0006458069258050008,-3.6484631718347586e-05,620.6837690000001,596.652869
489,1.074732,2457828.729257,1.0,1.0003542177793348,0.0006459656000762709,0.00035421777933475335,620.6164259999999,596.629152
490,1.075094,2457828.729449,1.0,1.0000741167511984,0.0006461252505717309,7.411675119850525e-05,620.712643,596.7431799999999
491,1.075458,2457828.729641,1.0,1.0004683601465891,0.000646285878862829,0.0004683601465889087,620.871991,597.2729969999999
492,1.075824,2457828.7298330003,1.0,1.0003220217078048,0.0006464474865295964,0.0003220217078047094,620.396406,597.047704
493,1.076191,2457828.730025,1.0,0.9995888376465216,0.0006462268496973043,-0.00041116235347837815,620.6133940000001,596.4896769999999
494,1.07656,2457828.730217,1.0,1.000778616393522,0.0006463900750071047,0.000778616393521947,620.838564,596.501332
495,1.076949,2457828.7304189997,1.0,0.9994472301026314,0.0006461798338095964,-0.0005527698973686325,620.519253,596.383948
496,1.077321,2457828.730611,1.0,0.9995397534131424,0.0006467270111267361,-0.0004602465868576156,620.289945,596.436221
497,1.077695,2457828.730804,1.0,0.9988060874209652,0.0006461284708453209,-0.0011939125790348948,620.485567,597.372513
498,1.07807,2457828.730996,1.0,1.0003820679015631,0.0006474413354461264,0.00038206790156314335,620.519171,598.146692
499,1.078447,2457828.731188,1.0,1.000675737938576,0.0006483733948341443,0.0006757379385760043,620.6146200000001,597.265854
500,1.0788360000000001,2457828.7313860003,1.0,0.9996585597085278,0.0006481633799125603,-0.00034144029147220584,620.516878,597.078215
501,1.079216,2457828.731578,1.0,1.000577796085527,0.000648332001766591,0.0005777960855273268,620.557333,595.95299
502,1.079596,2457828.7317689997,1.0,0.9987468327849672,0.0006477367796905561,-0.0012531672150327688,620.509683,595.7792440000001
503,1.079979,2457828.731962,1.0,0.9990354950895204,0.0006479071446656848,-0.0009645049104795024,620.735726,596.8633120000001
504,1.080363,2457828.732154,1.0,0.9994362757635858,0.0006484597518916578,-0.0005637242364141537,620.931629,597.682468
505,1.080748,2457828.7323459997,1.0,0.9991109167100468,0.0006478681056632348,-0.0008890832899532963,620.976818,597.2052679999999
506,1.081135,2457828.732538,1.0,1.0008794952003497,0.0006488034861237454,0.0008794952003495782,620.726578,597.262933
507,1.081525,2457828.73273,1.0,0.9998365451652436,0.0006485959121849834,-0.00016345483475643796,620.458083,597.624378
508,1.0819159999999999,2457828.732923,1.0,0.9997877838197398,0.0006491516668660207,-0.00021221618026023847,620.458558,597.029698
509,1.082308,2457828.733115,1.0,0.9987986405463268,0.0006489454115696122,-0.0012013594536730565,620.573979,597.30788
510,1.0827120000000001,2457828.733312,1.0,1.000448144236148,0.0006498882300095858,0.0004481442361482513,620.841929,597.736316
511,1.083109,2457828.733505,1.0,0.9996229564789781,0.0006496843757623836,-0.00037704352102196914,620.5875110000001,597.242621
512,1.083504,2457828.7336959997,1.0,1.0001152379820897,0.0006506232134416884,0.00011523798208978865,620.334299,597.259441
513,1.083909,2457828.733892,1.0,0.9999488685842268,0.0006504231030672987,-5.1131415773175704e-05,620.570554,596.527312
514,1.084308,2457828.734083,1.0,0.9993489233192552,0.0006502208022907793,-0.000651076680744711,620.6608190000001,596.990226
515,1.08471,2457828.734276,1.0,0.99935296298227,0.000650400888072982,-0.0006470370177300566,620.740247,596.755304
516,1.085113,2457828.734468,1.0,0.9994922528992122,0.0006502010940915126,-0.0005077471007878254,620.845511,595.719775
517,1.0855190000000001,2457828.734661,1.0,0.9997090052358096,0.0006507636541863125,-0.0002909947641903665,620.9551690000001,597.388821
518,1.085925,2457828.734853,1.0,0.9995284718421164,0.0006509458884368503,-0.00047152815788353836,620.9703450000001,596.488232
519,1.087156,2457828.735431,1.0,0.9994751972254268,0.0006522594730089545,-0.0005248027745732298,620.0108389999999,597.4165730000001
520,1.087568,2457828.7356229997,1.0,1.00043013714811,0.0006524446734505096,0.00043013714811024334,620.342483,596.641298
521,1.0879809999999999,2457828.735814,1.0,0.9998553352251701,0.0006526304467056005,-0.0001446647748299945,620.816311,596.2798280000001
522,1.0883969999999998,2457828.736007,1.0,1.0007162599846038,0.0006531977767829161,0.0007162599846038952,620.5946299999999,596.170399
523,1.088813,2457828.736198,1.0,0.9996496542915356,0.0006526252595713345,-0.00035034570846448343,620.593415,597.360166
524,1.089232,2457828.73639,1.0,1.0003762926783235,0.0006531939174797549,0.00037629267832361984,620.65818,597.559021
525,1.089652,2457828.736582,1.0,0.9992166775361933,0.0006526243382886845,-0.000783322463806746,621.152234,597.5789219999999
526,1.090075,2457828.736775,1.0,1.000985276952696,0.0006535742570987728,0.0009852769526957905,620.6844,597.3039200000001
527,1.090502,2457828.7369689997,1.0,0.9997150729677752,0.0006533877401730736,-0.00028492703222471327,620.7823179999999,596.872709
528,1.090927,2457828.73716,1.0,1.0001932742090964,0.0006535799268461688,0.0001932742090964279,620.726844,596.561113
529,1.0913540000000002,2457828.737353,1.0,0.9996054396006996,0.0006541522904138511,-0.0003945603993004143,620.849804,596.348267
530,1.091782,2457828.737545,1.0,1.0004442172929462,0.0006547251810900793,0.00044421729294630286,620.9806440000001,595.957493
531,1.092217,2457828.737739,1.0,1.000942093129398,0.000655301313945634,0.0009420931293979695,621.1583410000001,596.1782900000001
532,1.092648,2457828.737931,1.0,1.0006886440438143,0.0006551172755160999,0.0006886440438144126,620.709881,596.630581
533,1.0930879999999998,2457828.738126,1.0,1.0003326729110906,0.0006553166999062888,0.0003326729110906257,621.035227,596.814248
534,1.093523,2457828.738318,1.0,0.9999620558516424,0.0006551352569448938,-3.7944148357560437e-05,621.018633,596.655093
535,1.093959,2457828.73851,1.0,0.9992424492048028,0.0006549548008097178,-0.0007575507951971262,620.7000830000001,596.930972
536,1.094396,2457828.738702,1.0,0.9993203893671891,0.0006559103610393151,-0.0006796106328109675,620.7638599999999,596.558978
537,1.0948360000000001,2457828.7388939997,1.0,0.9990206765225218,0.0006561103416705254,-0.0009793234774782,620.611813,596.857696
538,1.095278,2457828.7390860002,1.0,1.000118430647435,0.0006566898178345798,0.00011843064743521924,620.8241370000001,596.805972
539,1.09572,2457828.739278,1.0,0.9995511926435572,0.0006568908737907794,-0.0004488073564428152,620.9475679999999,596.852708
540,1.096165,2457828.73947,1.0,1.0003411922522638,0.0006578503638936613,0.00034119225226370015,620.822967,596.661655
541,1.096615,2457828.739664,1.0,1.0008863375717338,0.0006580551129696892,0.0008863375717338418,620.7592559999999,597.186642
542,1.097063,2457828.739856,1.0,1.001198110815009,0.0006578807858424147,0.0011981108150090902,620.735121,596.390126
543,1.0975139999999999,2457828.740048,1.0,1.0005333166537973,0.0006580864009482103,0.0005333166537973,620.509491,596.4905150000001
544,1.097968,2457828.7402419997,1.0,1.0000692082143932,0.0006579156248247335,6.920821439315716e-05,620.828803,596.786479
545,1.0984200000000002,2457828.740434,1.0,0.9998137476614474,0.0006581221101662068,-0.00018625233855262824,620.8763,596.709131
546,1.098874,2457828.740625,1.0,1.0005368450541512,0.0006587073277195674,0.0005368450541511915,620.838296,596.760359
547,1.099343,2457828.7408229997,1.0,0.9993034340728888,0.0006585442191833074,-0.0006965659271112035,620.722309,596.425213
548,1.0998,2457828.7410150003,1.0,1.000416274203021,0.0006595084652460951,0.00041627420302081664,620.77009,596.443585
549,1.10026,2457828.741207,1.0,0.9990897072698044,0.0006593415004126468,-0.0009102927301954943,620.905692,596.176781
550,1.100719,2457828.741398,1.0,0.9983891886367086,0.0006595518246101763,-0.0016108113632914425,620.8141860000001,596.7441769999999
551,1.101181,2457828.74159,1.0,0.998328840417924,0.000660518309723369,-0.0016711595820760874,620.949809,596.629776
552,1.1021239999999999,2457828.741979,1.0,1.0007140340976644,0.0006617055192190214,0.0007140340976643512,621.441086,595.800187
553,1.102592,2457828.7421709998,1.0,1.000616473722927,0.0006619201088825889,0.0006164737229270577,621.143223,595.174658
554,1.103062,2457828.7423630003,1.0,1.0000914765531546,0.0006613814583996372,9.147655315466796e-05,620.546059,596.801147
555,1.103535,2457828.742556,1.0,0.9995348196888764,0.0006612221263851524,-0.00046518031112363634,620.730206,596.997612
556,1.104009,2457828.7427479997,1.0,1.000527474624607,0.0006621938091889776,0.0005274746246066718,620.63714,597.905403
557,1.104502,2457828.742948,1.0,1.0007403505488652,0.0006624206665204053,0.0007403505488652318,620.919223,597.494375
558,1.1049799999999999,2457828.7431400004,1.0,0.9999277135462572,0.0006618878123203091,-7.228645374279807e-05,620.77264,596.692855
559,1.105457,2457828.743332,1.0,0.9991080363883872,0.0006613558347679633,-0.0008919636116129227,620.713511,596.025355
560,1.1059370000000002,2457828.743524,1.0,0.9994374099710842,0.0006615777131570228,-0.0005625900289157881,620.856795,595.8301299999999
561,1.1064180000000001,2457828.743716,1.0,1.000449173856505,0.0006618002206841402,0.0004491738565046699,620.645086,595.920046
562,1.1069069999999999,2457828.7439099997,1.0,0.9998920350515856,0.000661651207123154,-0.00010796494841436301,620.809467,596.1097900000001
563,1.107392,2457828.7441020003,1.0,1.0004627847275278,0.0006622512984845041,0.0004627847275278096,620.925438,595.742393
564,1.10788,2457828.744295,1.0,1.0004069832365086,0.0006621024206490718,0.00040698323650845136,620.7306480000001,597.563799
565,1.108371,2457828.744488,1.0,1.000710228669693,0.0006627053820635906,0.0007102286696929473,620.979547,597.051264
566,1.108862,2457828.74468,1.0,0.999903626059426,0.0006625585007850196,-9.637394057404602e-05,620.7202139999999,597.440088
567,1.1093540000000002,2457828.744873,1.0,0.9999654954091122,0.0006627872670442445,-3.4504590888051474e-05,620.6547419999999,597.7404230000001
568,1.109847,2457828.7450650004,1.0,0.9995893468241636,0.0006630166735300009,-0.0004106531758363285,620.8847049999999,595.9539580000001
569,1.110343,2457828.745257,1.0,1.0006448601149716,0.0006639968026835553,0.0006448601149716683,620.743509,595.7692440000001
570,1.110838,2457828.745448,1.0,0.9998161104277706,0.000663478343843741,-0.00018388957222936766,621.0537929999999,596.028318
571,1.111342,2457828.745642,1.0,1.0000741187812456,0.0006644620352566728,7.411878124563565e-05,620.8283349999999,595.617117
572,1.111842,2457828.745834,1.0,0.9994188790900056,0.0006646951547872992,-0.0005811209099944037,620.5043099999999,596.555863
573,1.112344,2457828.746026,1.0,1.000107802463747,0.0006649293882459999,0.00010780246374708646,620.779311,595.9098190000001
574,1.112849,2457828.746219,1.0,0.9992474140277332,0.0006644173726858682,-0.0007525859722667949,620.86758,596.5528929999999
575,1.113356,2457828.746411,1.0,1.0007162838712789,0.0006646545749514358,0.0007162838712788666,620.953505,596.4697070000001
576,1.1138620000000001,2457828.746602,1.0,0.9992941513218909,0.0006645181001115483,-0.0007058486781089668,621.054254,596.339953
577,1.114371,2457828.746794,1.0,0.9998352318347432,0.0006651300045258088,-0.00016476816525690108,620.569789,596.725543
578,1.114883,2457828.746987,1.0,1.000743426086942,0.0006661168717284675,0.0007434260869421118,620.7108820000001,596.5384889999999
579,1.115398,2457828.74718,1.0,1.000053509509899,0.0006659849718667883,5.350950989901904e-05,620.882557,596.362328
580,1.115917,2457828.747373,1.0,0.9999519471363834,0.000666228608278704,-4.805286361664329e-05,620.822285,596.839012
581,1.116433,2457828.7475650003,1.0,1.0003562478880796,0.0006672173174020621,0.00035624788807953056,621.117683,596.864111
582,1.116974,2457828.7477659998,1.0,0.9997977469952776,0.0006674714049832536,-0.0002022530047223192,621.0780219999999,596.98153
583,1.117492,2457828.747957,1.0,0.9998102935421832,0.0006684613010113029,-0.0001897064578166852,620.862529,596.714023
584,1.1180139999999998,2457828.748149,1.0,1.0001130151823274,0.0006690799101428099,0.00011301518232731399,620.9871440000001,597.213401
585,1.1185370000000001,2457828.748341,1.0,1.0000416038930489,0.0006689525374598717,4.160389304896928e-05,621.091821,596.639651
586,1.119062,2457828.7485330002,1.0,1.0000315423583264,0.0006691996278935695,3.1542358326475124e-05,620.796167,597.275009
587,1.119587,2457828.748724,1.0,1.0002859678458242,0.0006694469169383075,0.0002859678458242421,620.740514,596.6219309999999
588,1.120116,2457828.748916,1.0,0.9997006266454304,0.0006693236882360129,-0.00029937335456953207,620.9026259999999,595.605763
589,1.1206459999999998,2457828.749108,1.0,1.000386029951288,0.0006699463385769534,0.00038602995128778067,621.032324,596.1644259999999
590,1.121177,2457828.7493,1.0,0.9992953075663228,0.0006698247367553233,-0.000704692433677323,621.103826,596.061237
591,1.1217139999999999,2457828.749492,1.0,1.0002849453107558,0.0006708231764723323,0.00028494531075573537,621.307768,596.1345809999999
592,1.12225,2457828.749684,1.0,1.0009859374886725,0.0006718214688147318,0.0009859374886722618,621.058659,596.487806
593,1.12279,2457828.749877,1.0,1.0005917066236616,0.0006717042297369113,0.000591706623661481,621.335403,596.105042
594,1.12333,2457828.750069,1.0,1.0003256858573155,0.0006712157243461544,0.0003256858573156274,620.877434,595.9209179999999
595,1.123872,2457828.750261,1.0,0.999303353372422,0.0006711010739846558,-0.0006966466275780682,620.715513,595.888583
596,1.124416,2457828.750454,1.0,1.0000923681833938,0.0006717308174238423,9.236818339364294e-05,620.686362,596.226132
597,1.124962,2457828.750646,1.0,1.0000913582420556,0.0006719901076537507,9.135824205575016e-05,620.952012,596.475092
598,1.125509,2457828.7508380003,1.0,0.999791142550041,0.0006718789015113485,-0.0002088574499590212,621.253593,596.515367
599,1.126056,2457828.751029,1.0,0.9998811305806558,0.0006725102836875517,-0.00011886941934424744,620.917419,596.819294
600,1.126606,2457828.7512209998,1.0,1.0003684043415613,0.0006731431931548293,0.0003684043415612681,621.023824,596.2334030000001
601,1.127163,2457828.7514150003,1.0,0.9997981910182792,0.0006734084411861245,-0.00020180898172073025,621.032293,595.9343849999999
602,1.127734,2457828.751613,1.0,1.0004751711645383,0.0006762807798448674,0.0004751711645385459,620.7951320000001,596.07763
603,1.1282940000000001,2457828.7518060002,1.0,1.00065722569888,0.000678035853803953,0.0006572256988799374,620.849339,595.819701
604,1.128851,2457828.751997,1.0,1.0007502309305385,0.0006779278256330423,0.0007502309305381648,620.768845,596.365709
605,1.12941,2457828.752189,1.0,0.9994075722681685,0.0006767063393366534,-0.0005924277318315463,621.135043,596.613183
606,1.129972,2457828.752381,1.0,1.0006395918297812,0.0006773456005162505,0.0006395918297813498,620.854738,596.2571690000001
607,1.130534,2457828.752573,1.0,1.0004982820399098,0.0006783565377349554,0.0004982820399097587,621.074668,595.932429
608,1.131099,2457828.752764,1.0,0.9998636389629356,0.0006812305644983653,-0.00013636103706449187,620.868771,595.33443
609,1.131665,2457828.752956,1.0,1.0005269161278052,0.0006822449803739384,0.0005269161278050882,620.4870589999999,595.662287
610,1.132234,2457828.7531479998,1.0,1.0000743317635892,0.0006825153419572952,7.433176358884186e-05,620.613302,595.997946
611,1.132806,2457828.7533400003,1.0,0.9997449497948184,0.0006824148679285515,-0.00025505020518168386,621.126032,596.541896
612,1.133378,2457828.753532,1.0,1.0004137584851882,0.0006819430816144656,0.00041375848518832026,620.986556,597.114239
613,1.133953,2457828.753724,1.0,1.0010458579059394,0.0006822174513234933,0.0010458579059393622,621.145263,596.996593
614,1.1345290000000001,2457828.753916,1.0,0.9999516154628371,0.000680265802059659,-4.838453716304869e-05,620.965829,596.87459
615,1.135108,2457828.754108,1.0,1.0006093610924598,0.0006801730871806606,0.0006093610924597925,620.935832,595.904083
616,1.135688,2457828.7542990004,1.0,0.9999968441564726,0.0006797116806645324,-3.1558435273915113e-06,620.669776,595.404791
617,1.136858,2457828.754684,1.0,0.9998273905518162,0.0006791671900143018,-0.00017260944818375812,620.818919,595.1731639999999
618,1.1374440000000001,2457828.754876,1.0,1.0004509412362768,0.0006794501123875194,0.0004509412362767584,621.0996150000001,595.856855
619,1.138033,2457828.755068,1.0,1.000247275967915,0.000679366145757203,0.00024727596791496165,621.271972,596.4655759999999
620,1.138624,2457828.7552610002,1.0,0.9999385324658095,0.0006796521369628548,-6.146753419034034e-05,621.449721,596.6760879999999
621,1.1392200000000001,2457828.755454,1.0,0.9998399872933376,0.000679940801736121,-0.00016001270666232692,621.083034,596.987629
622,1.1398139999999999,2457828.7556459997,1.0,1.0007929157486588,0.0006809651615546432,0.0007929157486586957,621.059409,596.468901
623,1.1404100000000001,2457828.755838,1.0,0.9996217346886878,0.0006812540229690318,-0.0003782653113122425,621.0427990000001,596.220959
624,1.1410069999999999,2457828.75603,1.0,1.0001225858542897,0.0006815436246805825,0.00012258585428981394,621.021023,596.56758
625,1.141608,2457828.7562220003,1.0,0.9992913427785792,0.0006818354251647232,-0.0007086572214208831,620.9170330000001,595.870264
626,1.142209,2457828.756414,1.0,0.9995020397771428,0.0006824953205806902,-0.0004979602228573077,621.034725,595.966413
627,1.142816,2457828.756607,1.0,0.9990338874768137,0.0006831582489924214,-0.0009661125231863467,621.373537,595.831799
628,1.143422,2457828.7567990003,1.0,1.0021325487605603,0.0006849254264009334,0.002132548760560349,620.818494,596.3074790000001
629,1.1440299999999999,2457828.756991,1.0,0.9995583691957618,0.0006844844613791277,-0.00044163080423820217,621.030559,596.006962
630,1.144641,2457828.757183,1.0,0.9993883960057216,0.0006862543803413071,-0.0006116039942782869,621.055026,596.114848
631,1.145252,2457828.757375,1.0,1.0007003713949931,0.0006880260219594168,0.0007003713949932378,620.864468,596.441591
632,1.145868,2457828.757568,1.0,0.9996292817527592,0.0006879562919011918,-0.0003707182472408865,621.362873,596.207
633,1.146483,2457828.757759,1.0,1.0003347788060408,0.0006882552698728228,0.00033477880604093624,620.9807860000001,596.139816
634,1.1470989999999999,2457828.757951,1.0,1.000263367507016,0.0006889234472960477,0.0002633675070159436,621.040934,596.090693
635,1.1477190000000002,2457828.758143,1.0,0.9998882246460022,0.0006895936928814191,-0.00011177535399775618,621.132786,595.780519
636,1.148341,2457828.758335,1.0,1.0003790184845391,0.0006902650349808194,0.0003790184845388067,621.061771,595.725403
637,1.1489719999999999,2457828.758529,1.0,1.0004062109581686,0.0006898360026251782,0.000406210958168729,621.3003269999999,595.539257
638,1.1502290000000002,2457828.758915,1.0,1.0018102486435103,0.0006911856066439278,0.001810248643510315,621.2820690000001,595.745766
639,1.150858,2457828.759106,1.0,0.9999863254787192,0.0006903899688463121,-1.3674521280759855e-05,621.6785070000001,595.01278
640,1.151516,2457828.759306,1.0,0.9992749321499153,0.0006910795053146255,-0.0007250678500848595,621.254225,596.1180780000001
641,1.15215,2457828.759498,1.0,0.9994418797430912,0.0006913901249650224,-0.0005581202569087118,621.054638,595.934435
642,1.152786,2457828.75969,1.0,1.0008292851584564,0.000692436447245598,0.000829285158456261,621.1801429999999,596.4018599999999
643,1.1534229999999999,2457828.759882,1.0,0.9999688757864958,0.0006923816488131754,-3.112421350415229e-05,621.06353,596.38123
644,1.1540620000000001,2457828.7600740003,1.0,1.000372170804511,0.0006934295362150066,0.0003721708045110184,620.922148,596.694037
645,1.154703,2457828.760266,1.0,0.9985236280907293,0.0006933772812500407,-0.0014763719092708572,621.016577,596.0924669999999
646,1.155346,2457828.7604569998,1.0,0.9997023228312896,0.0006947943761488188,-0.00029767716871043065,621.1598740000001,596.232807
647,1.155992,2457828.7606490003,,,,,620.9498580000001,596.0505509999999
648,1.156643,2457828.7608419997,,,,,621.252838,594.939487
649,1.157334,2457828.761046,,,,,621.231359,595.634897
650,1.157988,2457828.761239,,,,,621.129287,595.860167
651,1.158643,2457828.761431,,,,,621.1319900000001,595.694029
652,1.1593,2457828.761623,,,,,621.227834,596.522199
653,1.159959,2457828.7618150003,,,,,621.358023,596.14688
654,1.160627,2457828.762009,,,,,621.025083,596.595173
655,1.161289,2457828.762201,,,,,621.14866,596.089682
656,1.161965,2457828.762396,,,,,621.161168,596.110238
657,1.1626319999999999,2457828.762588,,,,,621.139181,596.451063
658,1.163314,2457828.762784,,,,,620.931419,596.492338
659,1.163985,2457828.7629759996,,,,,620.775506,596.309617
660,1.164658,2457828.763168,,,,,621.07786,595.689539
661,1.165338,2457828.763361,,,,,621.1432169999999,595.7910410000001
662,1.166015,2457828.763553,,,,,621.440541,595.104895
663,1.166696,2457828.763745,,,,,621.234545,595.621244
664,1.167377,2457828.7639369997,,,,,621.538849,596.148876
665,1.168064,2457828.76413,,,,,621.576986,596.16696
666,1.16875,2457828.764322,,,,,621.0682099999999,596.6206480000001
