,scaled_error_ground,scaled_flux_ground,time_ground,xmodel_ground,ymodel_ground,yresidual_ground
0,0.000496834741233,0.99995010392,2457828.62194,2457828.62194,1.0,-4.98960804405e-05
1,0.000495829002891,0.999706730673,2457828.62214,2457828.62214,1.0,-0.000293269327389
2,0.000496834741233,0.999583522238,2457828.62233,2457828.62233,1.0,-0.000416477761981
3,0.000496834741233,1.00110316647,2457828.62252,2457828.62252,1.0,0.00110316646645
4,0.000495829002891,0.999862603653,2457828.62271,2457828.62271,1.0,-0.000137396347168
5,0.000497337610404,0.999512601222,2457828.62291,2457828.62291,1.0,-0.000487398778011
6,0.000497337610404,1.00004668464,2457828.6231,2457828.6231,1.0,4.66846431779e-05
7,0.000497337610404,0.999714764573,2457828.62329,2457828.62329,1.0,-0.000285235426823
8,0.000498343348747,1.00022265695,2457828.62348,2457828.62348,1.0,0.000222656948552
9,0.000498846217918,0.999100247471,2457828.62367,2457828.62367,1.0,-0.00089975252939
10,0.000497840479576,0.999720279671,2457828.62387,2457828.62387,1.0,-0.000279720328817
11,0.00049934908709,1.00001895754,2457828.62406,2457828.62406,1.0,1.89575419771e-05
12,0.000500857694603,0.999696612916,2457828.62425,2457828.62425,1.0,-0.000303387084445
13,0.000501360563775,1.00059774898,2457828.62444,2457828.62444,1.0,0.000597748982878
14,0.00049934908709,0.999972677115,2457828.62463,2457828.62463,1.0,-2.73228846595e-05
15,0.000498343348747,0.999111235808,2457828.62482,2457828.62482,1.0,-0.000888764192028
16,0.000497840479576,1.0007933277,2457828.62502,2457828.62502,1.0,0.000793327698307
17,0.000498846217918,1.00074353816,2457828.62521,2457828.62521,1.0,0.000743538162723
18,0.000499851956261,1.00017327903,2457828.6254,2457828.6254,1.0,0.000173279025112
19,0.000501360563775,1.00021048586,2457828.62559,2457828.62559,1.0,0.000210485856161
20,0.000501360563775,0.999797624779,2457828.62578,2457828.62578,1.0,-0.000202375221093
21,0.000501863432946,1.00028940442,2457828.62598,2457828.62598,1.0,0.00028940442122
22,0.000501863432946,1.00058810321,2457828.62617,2457828.62617,1.0,0.000588103211596
23,0.000501360563775,0.99940736091,2457828.62636,2457828.62636,1.0,-0.000592639090215
24,0.000501360563775,0.999002021951,2457828.62655,2457828.62655,1.0,-0.000997978049481
25,0.000505383517145,0.999555675411,2457828.62674,2457828.62674,1.0,-0.000444324589262
26,0.000501863432946,0.99999373175,2457828.62694,2457828.62694,1.0,-6.26825046512e-06
27,0.000503874909631,0.999640733023,2457828.62713,2457828.62713,1.0,-0.000359266976754
28,0.000502869171289,0.999623148034,2457828.62732,2457828.62732,1.0,-0.000376851965795
29,0.000506389255488,1.00029749012,2457828.62752,2457828.62752,1.0,0.000297490115021
30,0.000503874909631,1.00086725632,2457828.62771,2457828.62771,1.0,0.000867256318046
31,0.000501863432946,0.999700594353,2457828.6279,2457828.6279,1.0,-0.00029940564697
32,0.00050739499383,1.00013657643,2457828.62809,2457828.62809,1.0,0.000136576427168
33,0.000501863432946,1.00005257087,2457828.62828,2457828.62828,1.0,5.25708683556e-05
34,0.000498343348747,1.00016420234,2457828.62848,2457828.62848,1.0,0.000164202336756
35,0.000500857694603,0.999806153989,2457828.62867,2457828.62867,1.0,-0.000193846010571
36,0.000497337610404,1.00036282467,2457828.62886,2457828.62886,1.0,0.000362824674419
37,0.000495326133719,1.0011618783,2457828.62905,2457828.62905,1.0,0.00116187829997
38,0.000496331872062,0.999510926916,2457828.62943,2457828.62943,1.0,-0.000489073084203
39,0.000497337610404,1.00053375183,2457828.62982,2457828.62982,1.0,0.000533751825202
40,0.000495326133719,0.999834234401,2457828.63001,2457828.63001,1.0,-0.000165765599268
41,0.000493314657034,1.00001174172,2457828.6302,2457828.6302,1.0,1.17417208274e-05
42,0.000491303180349,1.00026870238,2457828.63039,2457828.63039,1.0,0.00026870237973
43,0.000489291703664,0.99939527592,2457828.63059,2457828.63059,1.0,-0.000604724080194
44,0.000486777357807,0.999467704512,2457828.63078,2457828.63078,1.0,-0.000532295487573
45,0.000488285965321,1.00031400692,2457828.63097,2457828.63097,1.0,0.000314006920499
46,0.000485771619465,0.999033214573,2457828.63117,2457828.63117,1.0,-0.000966785426818
47,0.000485268750293,1.00019483686,2457828.63136,2457828.63136,1.0,0.000194836861489
48,0.000485771619465,1.00072215214,2457828.63156,2457828.63156,1.0,0.00072215213704
49,0.000484765881122,0.999119481671,2457828.63175,2457828.63175,1.0,-0.000880518328808
50,0.000484263011951,0.998463231915,2457828.63195,2457828.63195,1.0,-0.00153676808497
51,0.000485268750293,0.999169254744,2457828.63214,2457828.63214,1.0,-0.000830745256102
52,0.000486274488636,1.00092989884,2457828.63234,2457828.63234,1.0,0.000929898842346
53,0.000486777357807,1.00005138091,2457828.63253,2457828.63253,1.0,5.13809124789e-05
54,0.000486274488636,0.999649101007,2457828.63272,2457828.63272,1.0,-0.000350898992597
55,0.000485268750293,0.999458508104,2457828.63291,2457828.63291,1.0,-0.000541491896141
56,0.000485771619465,1.00027463836,2457828.6331,2457828.6331,1.0,0.000274638361653
57,0.000487280226979,1.0005713466,2457828.6333,2457828.6333,1.0,0.000571346604668
58,0.00048778309615,1.00089114498,2457828.63349,2457828.63349,1.0,0.000891144980657
59,0.000488285965321,0.999911047478,2457828.63368,2457828.63368,1.0,-8.89525218104e-05
60,0.000488285965321,0.999700381657,2457828.63387,2457828.63387,1.0,-0.000299618343301
61,0.000488285965321,1.00114713077,2457828.63407,2457828.63407,1.0,0.00114713077487
62,0.000487280226979,1.00039131292,2457828.63426,2457828.63426,1.0,0.000391312922798
63,0.000486777357807,1.00028369342,2457828.63445,2457828.63445,1.0,0.000283693422773
64,0.00048778309615,1.00033895621,2457828.63483,2457828.63483,1.0,0.000338956207456
65,0.000488788834492,1.00024040929,2457828.63503,2457828.63503,1.0,0.000240409291582
66,0.000485771619465,0.999958267782,2457828.63541,2457828.63541,1.0,-4.17322180872e-05
67,0.000484765881122,1.00059944141,2457828.6356,2457828.6356,1.0,0.000599441407261
68,0.000484765881122,1.0006633003,2457828.63579,2457828.63579,1.0,0.000663300304388
69,0.000484765881122,1.00010259569,2457828.63599,2457828.63599,1.0,0.000102595690776
70,0.00048376014278,1.00029870918,2457828.63618,2457828.63618,1.0,0.000298709179952
71,0.00048376014278,1.00008047939,2457828.63637,2457828.63637,1.0,8.04793915676e-05
72,0.000483257273608,1.00041840199,2457828.63656,2457828.63656,1.0,0.000418401987048
73,0.000483257273608,1.00017551069,2457828.63675,2457828.63675,1.0,0.000175510689689
74,0.000483257273608,1.00081565765,2457828.63695,2457828.63695,1.0,0.00081565764737
75,0.000481748666094,0.999631395271,2457828.63714,2457828.63714,1.0,-0.000368604728897
76,0.000482251535266,1.00064414737,2457828.63733,2457828.63733,1.0,0.000644147365127
77,0.000482251535266,1.00009553254,2457828.63752,2457828.63752,1.0,9.55325409502e-05
78,0.000481748666094,1.0000864754,2457828.63771,2457828.63771,1.0,8.64753984975e-05
79,0.000482251535266,1.00006130552,2457828.6379,2457828.6379,1.0,6.13055229819e-05
80,0.000481748666094,0.999732926476,2457828.6381,2457828.6381,1.0,-0.000267073523752
81,0.000481748666094,1.00018500036,2457828.63829,2457828.63829,1.0,0.000185000363867
82,0.000481245796923,0.999237086488,2457828.63848,2457828.63848,1.0,-0.000762913511638
83,0.000482251535266,0.999646416506,2457828.63867,2457828.63867,1.0,-0.000353583493835
84,0.000483257273608,1.00047565772,2457828.63906,2457828.63906,1.0,0.000475657723693
85,0.000482754404437,0.999585070924,2457828.63925,2457828.63925,1.0,-0.000414929076029
86,0.00048376014278,0.999337150925,2457828.63944,2457828.63944,1.0,-0.000662849074844
87,0.000482754404437,0.999969754865,2457828.63963,2457828.63963,1.0,-3.02451352456e-05
88,0.00048376014278,1.0007779229,2457828.63983,2457828.63983,1.0,0.000777922903876
89,0.000484263011951,0.999556951068,2457828.64002,2457828.64002,1.0,-0.000443048931638
90,0.00048376014278,0.999806871559,2457828.64021,2457828.64021,1.0,-0.000193128441134
91,0.000482754404437,0.999690221343,2457828.64041,2457828.64041,1.0,-0.000309778656918
92,0.000482754404437,1.00020060714,2457828.6406,2457828.6406,1.0,0.000200607144733
93,0.000482754404437,0.999863176433,2457828.64079,2457828.64079,1.0,-0.000136823566572
94,0.000483257273608,1.00043593893,2457828.64098,2457828.64098,1.0,0.0004359389319
95,0.000483257273608,1.00034089117,2457828.64117,2457828.64117,1.0,0.000340891170901
96,0.000483257273608,1.00027098687,2457828.64137,2457828.64137,1.0,0.000270986868465
97,0.000480742927752,0.998465681056,2457828.64156,2457828.64156,1.0,-0.00153431894409
98,0.000481245796923,0.999613243937,2457828.64175,2457828.64175,1.0,-0.000386756063251
99,0.000481245796923,0.999954665687,2457828.64194,2457828.64194,1.0,-4.53343128968e-05
100,0.000480240058581,0.998621072087,2457828.64213,2457828.64213,1.0,-0.00137892791346
101,0.000480742927752,1.00020960938,2457828.64232,2457828.64232,1.0,0.000209609381694
102,0.000482251535266,1.00124249717,2457828.64252,2457828.64252,1.0,0.00124249717189
103,0.000481748666094,0.999824400621,2457828.64271,2457828.64271,1.0,-0.000175599378765
104,0.000481748666094,1.00107350123,2457828.6429,2457828.6429,1.0,0.00107350122576
105,0.000481245796923,1.00091710343,2457828.64309,2457828.64309,1.0,0.000917103425868
106,0.000481245796923,1.00069834985,2457828.64328,2457828.64328,1.0,0.000698349848732
107,0.000480240058581,0.999142990934,2457828.64348,2457828.64348,1.0,-0.000857009066108
108,0.000481245796923,1.00046752192,2457828.64367,2457828.64367,1.0,0.000467521923858
109,0.000481748666094,1.00117605909,2457828.64386,2457828.64386,1.0,0.00117605908883
110,0.000480742927752,0.999893737224,2457828.64405,2457828.64405,1.0,-0.000106262775834
111,0.000480742927752,1.00031262175,2457828.64424,2457828.64424,1.0,0.00031262174648
112,0.000481245796923,1.00112776719,2457828.64444,2457828.64444,1.0,0.00112776718551
113,0.000480240058581,1.00010039998,2457828.64463,2457828.64463,1.0,0.000100399980944
114,0.000480240058581,1.00040764756,2457828.64482,2457828.64482,1.0,0.000407647556975
115,0.000479737189409,0.999790118727,2457828.64501,2457828.64501,1.0,-0.000209881272993
116,0.000479737189409,1.00027186191,2457828.6452,2457828.6452,1.0,0.000271861905475
117,0.000480240058581,1.00128113576,2457828.6454,2457828.6454,1.0,0.00128113576421
118,0.000480240058581,1.00102012026,2457828.64559,2457828.64559,1.0,0.0010201202571
119,0.000479737189409,1.00027586839,2457828.64578,2457828.64578,1.0,0.000275868386224
120,0.000480240058581,1.00059769917,2457828.64597,2457828.64597,1.0,0.000597699168222
121,0.000480240058581,1.00113928378,2457828.64616,2457828.64616,1.0,0.00113928377807
122,0.000480742927752,1.00121118858,2457828.64636,2457828.64636,1.0,0.00121118858194
123,0.000480240058581,1.00079836935,2457828.64655,2457828.64655,1.0,0.000798369353594
124,0.000479737189409,0.999750887372,2457828.64674,2457828.64674,1.0,-0.00024911262757
125,0.000479737189409,1.00011143908,2457828.64693,2457828.64693,1.0,0.000111439080618
126,0.000480240058581,1.00077823811,2457828.64713,2457828.64713,1.0,0.000778238114121
127,0.000479737189409,0.999643759776,2457828.64732,2457828.64732,1.0,-0.000356240223932
128,0.000480240058581,1.00090143009,2457828.64751,2457828.64751,1.0,0.000901430085835
129,0.000480742927752,1.00101658164,2457828.6477,2457828.6477,1.0,0.00101658163843
130,0.000479737189409,0.999280168893,2457828.64789,2457828.64789,1.0,-0.000719831107396
131,0.000480742927752,1.00035127475,2457828.64809,2457828.64809,1.0,0.000351274749567
132,0.000480742927752,1.00009380024,2457828.64828,2457828.64828,1.0,9.38002364974e-05
133,0.000480742927752,0.999390783647,2457828.64847,2457828.64847,1.0,-0.00060921635259
134,0.000481245796923,0.999898173154,2457828.64866,2457828.64866,1.0,-0.000101826846386
135,0.000481748666094,1.00021145516,2457828.64885,2457828.64885,1.0,0.000211455159701
136,0.000482754404437,1.00023567109,2457828.64905,2457828.64905,1.0,0.000235671090109
137,0.000481748666094,0.998763767528,2457828.64924,2457828.64924,1.0,-0.00123623247162
138,0.000482754404437,0.998800974359,2457828.64943,2457828.64943,1.0,-0.00119902564057
139,0.00048376014278,1.00048960355,2457828.64963,2457828.64963,1.0,0.000489603548987
140,0.000484765881122,1.00027990162,2457828.64982,2457828.64982,1.0,0.000279901616934
141,0.000484765881122,0.999810719192,2457828.65001,2457828.65001,1.0,-0.000189280807504
142,0.000484765881122,1.00067916876,2457828.6502,2457828.6502,1.0,0.000679168763685
143,0.00048376014278,1.0000867779,2457828.65059,2457828.65059,1.0,8.67779046552e-05
144,0.000482754404437,1.0001782946,2457828.65078,2457828.65078,1.0,0.00017829459646
145,0.000484263011951,1.00041765484,2457828.65097,2457828.65097,1.0,0.000417654844111
146,0.000484765881122,0.999261553122,2457828.65116,2457828.65116,1.0,-0.000738446878051
147,0.000484263011951,0.999386259189,2457828.65135,2457828.65135,1.0,-0.000613740811198
148,0.000484263011951,0.999403330333,2457828.65155,2457828.65155,1.0,-0.000596669666581
149,0.000484765881122,0.999768533401,2457828.65174,2457828.65174,1.0,-0.000231466598877
150,0.000484765881122,1.00013074018,2457828.65194,2457828.65194,1.0,0.000130740183123
151,0.000485268750293,1.00071557154,2457828.65213,2457828.65213,1.0,0.000715571541706
152,0.000484765881122,0.999917528111,2457828.65252,2457828.65252,1.0,-8.24718888e-05
153,0.000484765881122,0.999568028559,2457828.65271,2457828.65271,1.0,-0.000431971440727
154,0.000485771619465,0.999541350076,2457828.6529,2457828.6529,1.0,-0.000458649923757
155,0.000486274488636,1.00063307355,2457828.65309,2457828.65309,1.0,0.000633073549741
156,0.000487280226979,1.00001403612,2457828.65329,2457828.65329,1.0,1.40361220025e-05
157,0.000487280226979,0.999926510469,2457828.65348,2457828.65348,1.0,-7.34895307528e-05
158,0.000487280226979,0.999818429949,2457828.65367,2457828.65367,1.0,-0.000181570051043
159,0.000488285965321,0.999687175617,2457828.65386,2457828.65386,1.0,-0.000312824382632
160,0.000487280226979,0.999651047237,2457828.65406,2457828.65406,1.0,-0.000348952762523
161,0.000485771619465,0.998172103517,2457828.65425,2457828.65425,1.0,-0.00182789648291
162,0.000485268750293,1.00006185945,2457828.65444,2457828.65444,1.0,6.1859445843e-05
163,0.000482754404437,0.999059656629,2457828.65464,2457828.65464,1.0,-0.000940343370836
164,0.000483257273608,0.999840104095,2457828.65483,2457828.65483,1.0,-0.000159895904623
165,0.000482754404437,1.00023181276,2457828.65502,2457828.65502,1.0,0.00023181276286
166,0.000481748666094,0.999713852029,2457828.65521,2457828.65521,1.0,-0.000286147971193
167,0.000482251535266,1.00052755163,2457828.6554,2457828.6554,1.0,0.000527551628813
168,0.000481748666094,0.999679205849,2457828.6556,2457828.6556,1.0,-0.000320794150777
169,0.000482251535266,1.00091422613,2457828.65579,2457828.65579,1.0,0.000914226126701
170,0.000482251535266,1.00037063998,2457828.65598,2457828.65598,1.0,0.000370639984493
171,0.000481748666094,0.999436282657,2457828.65617,2457828.65617,1.0,-0.000563717342968
172,0.000481748666094,0.999513216143,2457828.65636,2457828.65636,1.0,-0.000486783857131
173,0.000482251535266,1.00051995474,2457828.65656,2457828.65656,1.0,0.000519954736163
174,0.000482754404437,1.00076585227,2457828.65675,2457828.65675,1.0,0.000765852273297
175,0.000482251535266,1.00028359525,2457828.65694,2457828.65694,1.0,0.000283595250405
176,0.000482251535266,1.00006486259,2457828.65713,2457828.65713,1.0,6.48625928499e-05
177,0.000481748666094,0.999650974858,2457828.65732,2457828.65732,1.0,-0.000349025142328
178,0.000482251535266,0.999491580753,2457828.65752,2457828.65752,1.0,-0.000508419247415
179,0.000483257273608,0.999970306726,2457828.65771,2457828.65771,1.0,-2.96932742307e-05
180,0.000483257273608,0.999616260412,2457828.6579,2457828.6579,1.0,-0.000383739587769
181,0.000484765881122,0.999501139733,2457828.65809,2457828.65809,1.0,-0.000498860266714
182,0.000494320395377,0.999598669936,2457828.65828,2457828.65828,1.0,-0.000401330064435
183,0.000489794572835,0.99906964608,2457828.65848,2457828.65848,1.0,-0.000930353920256
184,0.000498846217918,0.99922856818,2457828.65867,2457828.65867,1.0,-0.00077143182043
185,0.000497840479576,0.999794793369,2457828.65886,2457828.65886,1.0,-0.000205206630929
186,0.000499851956261,0.999408060559,2457828.65905,2457828.65905,1.0,-0.000591939440601
187,0.000505383517145,1.0003227741,2457828.65925,2457828.65925,1.0,0.000322774104091
188,0.000503874909631,0.999280802764,2457828.65944,2457828.65944,1.0,-0.00071919723577
189,0.000502869171289,0.999413072788,2457828.65963,2457828.65963,1.0,-0.000586927211766
190,0.000501360563775,0.999365336578,2457828.65982,2457828.65982,1.0,-0.000634663421758
191,0.000503874909631,1.00079100704,2457828.66002,2457828.66002,1.0,0.000791007040124
192,0.000499851956261,1.00037108487,2457828.66021,2457828.66021,0.999990098655,0.000380986219639
193,0.000493314657034,0.999280900863,2457828.6604,2457828.6604,0.999958638058,-0.00067773719488
194,0.000501360563775,1.00020768326,2457828.66059,2457828.66059,0.999915524142,0.000292159115957
195,0.000496834741233,0.998832309658,2457828.66078,2457828.66078,0.999864277677,-0.00103196801926
196,0.000500857694603,0.999607225563,2457828.66098,2457828.66098,0.999806734718,-0.000199509155178
197,0.000505383517145,0.99922202229,2457828.66117,2457828.66117,0.999745177833,-0.000523155542468
198,0.000510412208858,0.999548881764,2457828.66136,2457828.66136,0.999681570901,-0.000132689137194
199,0.000513429423886,0.998812717658,2457828.66156,2457828.66156,0.999617324248,-0.00080460658982
200,0.000520972461455,0.999507195416,2457828.66175,2457828.66175,0.999555828036,-4.86326199867e-05
201,0.000520972461455,0.999705844171,2457828.66194,2457828.66194,0.999499845921,0.000205998249705
202,0.000523989676483,1.00012420491,2457828.66213,2457828.66213,0.999455148072,0.000669056841355
203,0.000524492545654,0.999892879607,2457828.66232,2457828.66232,0.999432999716,0.000459879891611
204,0.000520972461455,0.998610557733,2457828.66252,2457828.66252,0.999417347013,-0.000806789279862
205,0.000529521237367,0.997540949518,2457828.66271,2457828.66271,0.999403500136,-0.00186255061788
206,0.000536561405765,0.998800610375,2457828.6629,2457828.6629,0.99939101124,-0.000590400864864
207,0.000537567144107,0.999022873061,2457828.66309,2457828.66309,0.999379479573,-0.000356606511993
208,0.000540081489964,0.999216995993,2457828.66328,2457828.66328,0.999368737973,-0.000151741979244
209,0.000542092966649,0.999659012498,2457828.66348,2457828.66348,0.999358764551,0.000300247946576
210,0.000533041321566,0.999219499364,2457828.66367,2457828.66367,0.999349401112,-0.000129901748164
211,0.000544104443334,0.997666130996,2457828.66386,2457828.66386,0.999340569634,-0.00167443863746
212,0.000531532714052,1.00075273649,2457828.66405,2457828.66405,0.999332207898,0.00142052859445
213,0.000509406470515,0.999643401603,2457828.66424,2457828.66424,0.999324265566,0.00031913603677
214,0.000504377778802,0.997501676315,2457828.66444,2457828.66444,0.999316700937,-0.00181502462229
215,0.000504377778802,0.999953660906,2457828.66463,2457828.66463,0.999309479098,0.000644181808539
216,0.000501360563775,1.00015379735,2457828.66482,2457828.66482,0.999302570349,0.000851226999382
217,0.000500857694603,0.99932305198,2457828.66501,2457828.66501,0.999295949164,2.71028158969e-05
218,0.000498846217918,0.998800062564,2457828.6652,2457828.6652,0.999289593306,-0.00048953074202
219,0.000494320395377,0.998941363304,2457828.6654,2457828.6654,0.999283483393,-0.000342120089079
220,0.000498343348747,0.998529507975,2457828.66559,2457828.66559,0.999277602199,-0.000748094224306
221,0.000506892124659,0.999489982595,2457828.66578,2457828.66578,0.999271934525,0.000218048069696
222,0.000511920816372,0.999909872865,2457828.66597,2457828.66597,0.999266466689,0.000643406175678
223,0.000524995414825,0.997615820067,2457828.66617,2457828.66617,0.999261132394,-0.00164531232677
224,0.000547121658362,0.99825802035,2457828.66636,2457828.66636,0.999255978225,-0.00099795787515
225,0.000561704864329,0.998789044717,2457828.66655,2457828.66655,0.999251044363,-0.000461999645905
226,0.000550641742561,0.998195129809,2457828.66674,2457828.66674,0.999246292181,-0.0010511623721
227,0.000548127396705,1.00118417867,2457828.66693,2457828.66693,0.999241663609,0.00194251505659
228,0.000549636004218,0.998648203957,2457828.66713,2457828.66713,0.999237176264,-0.000588972306651
229,0.000546618789191,0.999898834089,2457828.66732,2457828.66732,0.999232823165,0.000666010923503
230,0.000541087228306,0.999655419003,2457828.66751,2457828.66751,0.999228619488,0.00042679951455
231,0.000541087228306,0.999846000931,2457828.6677,2457828.6677,0.999224515275,0.000621485656311
232,0.00053857288245,0.99930794635,2457828.66789,2457828.66789,0.999220506836,8.74395134375e-05
233,0.000531532714052,0.998763333549,2457828.66809,2457828.66809,0.999216630527,-0.000453296977093
234,0.000555167565103,0.99772793587,2457828.66847,2457828.66847,0.999209173406,-0.0014812375363
235,0.000565224948528,0.997623328107,2457828.66886,2457828.66886,0.999202126848,-0.00157879874101
236,0.000571762247755,0.99957852013,2457828.6727,2457828.6727,0.999147799204,0.000430720925893
237,0.000562207733501,1.00082009863,2457828.67289,2457828.67289,0.999145689568,0.00167440905771
238,0.000551144611732,0.998575285158,2457828.67309,2457828.67309,0.999143625499,-0.000568340341184
239,0.000546115920019,1.00080158611,2457828.67328,2457828.67328,0.999141553777,0.00166003233208
240,0.000543601574163,0.999528860598,2457828.67348,2457828.67348,0.999139558024,0.000389302573311
241,0.000535555667422,0.998308370702,2457828.67367,2457828.67367,0.999137635081,-0.000829264378993
242,0.000531029844881,0.998214873407,2457828.67386,2457828.67386,0.999135723443,-0.00092085003553
243,0.000530024106538,0.99937398135,2457828.67405,2457828.67405,0.999133871681,0.000240109668434
244,0.000533544190737,0.998982240777,2457828.67425,2457828.67425,0.999132058875,-0.000149818097769
245,0.000536561405765,0.99802929821,2457828.67444,2457828.67444,0.999130284078,-0.00110098586795
246,0.00053857288245,0.998070548914,2457828.67463,2457828.67463,0.999128537421,-0.00105798850638
247,0.000540081489964,0.997908095765,2457828.67482,2457828.67482,0.999126844878,-0.00121874911365
248,0.000545613050848,0.99879213428,2457828.67502,2457828.67502,0.999125178741,-0.000333044460848
249,0.000553658957589,0.997806002338,2457828.67521,2457828.67521,0.999123547144,-0.00131754480645
250,0.000561201995158,0.999336227748,2457828.6754,2457828.6754,0.999121949284,0.000214278464113
251,0.000559693387644,0.998491883993,2457828.67559,2457828.67559,0.999120392475,-0.000628508482629
252,0.000557179041788,0.999114927921,2457828.67597,2457828.67597,0.999117358401,-2.43048011317e-06
253,0.000557681910959,0.998555731905,2457828.67617,2457828.67617,0.999115887973,-0.000560156068089
254,0.000559190518473,0.998119235986,2457828.67636,2457828.67636,0.999114447712,-0.000995211725388
255,0.000551647480904,0.998932872808,2457828.67655,2457828.67655,0.999113036986,-0.000180164177906
256,0.000546618789191,1.00064614259,2457828.67674,2457828.67674,0.999111655161,0.00153448742558
257,0.000545110181677,0.998139317808,2457828.67751,2457828.67751,0.999106405121,-0.000967087312701
258,0.00052298393814,1.00008998368,2457828.6777,2457828.6777,0.999105146292,0.000984837392183
259,0.000490297442006,0.999691679396,2457828.67809,2457828.67809,0.999102737177,0.00058894221898
260,0.000485771619465,0.999689662432,2457828.67828,2457828.67828,0.999101566507,0.00058809592499
261,0.000485268750293,1.00059683293,2457828.67847,2457828.67847,0.999100419939,0.00149641299032
262,0.00048376014278,0.998432520378,2457828.67867,2457828.67867,0.999099285444,-0.000666765066957
263,0.000485771619465,0.999980346199,2457828.67886,2457828.67886,0.99909818597,0.00088216022919
264,0.000486274488636,0.99941107188,2457828.67905,2457828.67905,0.99909711482,0.00031395706012
265,0.000485771619465,0.998624579009,2457828.67924,2457828.67924,0.999096060363,-0.000471481353921
266,0.000486777357807,0.999430672803,2457828.67943,2457828.67943,0.999095027863,0.000335644939938
267,0.000486274488636,0.997834057696,2457828.67962,2457828.67962,0.999094016929,-0.00125995923283
268,0.000487280226979,0.999546321737,2457828.67982,2457828.67982,0.999093027182,0.000453294555236
269,0.00048778309615,0.999945594371,2457828.68001,2457828.68001,0.999092058251,0.000853536119774
270,0.00048778309615,0.999967715117,2457828.6802,2457828.6802,0.999091109783,0.00087660533483
271,0.000488285965321,0.999486966702,2457828.68039,2457828.68039,0.999090181422,0.000396785279659
272,0.00048778309615,0.999322020126,2457828.68058,2457828.68058,0.999089272835,0.000232747291061
273,0.000488285965321,0.999661451329,2457828.68078,2457828.68078,0.999088383693,0.000573067636617
274,0.000489291703664,0.999845495958,2457828.68097,2457828.68097,0.999087513676,0.000757982282582
275,0.000488285965321,0.999048945694,2457828.68116,2457828.68116,0.999086662477,-3.7716783006e-05
276,0.000489794572835,0.999575947107,2457828.68135,2457828.68135,0.999085829788,0.000490117319162
277,0.000488788834492,0.998769842328,2457828.68154,2457828.68154,0.999085015326,-0.000315172997316
278,0.000489794572835,0.998933248392,2457828.68173,2457828.68173,0.999084222902,-0.000150974510503
279,0.000489794572835,0.999372247701,2457828.68193,2457828.68193,0.999083443944,0.000288803756425
280,0.000489794572835,0.999164578165,2457828.68212,2457828.68212,0.999082678462,8.18997029811e-05
281,0.000489794572835,0.999477378231,2457828.68231,2457828.68231,0.999081930289,0.000395447942119
282,0.000489291703664,0.998994094541,2457828.6825,2457828.6825,0.999081206662,-8.71121210286e-05
283,0.000489794572835,0.999158527262,2457828.6827,2457828.6827,0.999080495835,7.80314269373e-05
284,0.000490297442006,0.999971682154,2457828.68289,2457828.68289,0.999079797825,0.000891884328454
285,0.000490800311178,0.999701112123,2457828.68308,2457828.68308,0.999079123127,0.000621988995804
286,0.000490800311178,0.998786911411,2457828.68327,2457828.68327,0.999078457379,-0.000291545968254
287,0.000491303180349,0.999598033897,2457828.68347,2457828.68347,0.999077810838,0.000520223058738
288,0.000491303180349,0.99940945246,2457828.68366,2457828.68366,0.9990771798,0.000332272660257
289,0.00049180604952,0.998668280592,2457828.68385,2457828.68385,0.999076554553,-0.000408273961228
290,0.000492811787863,0.999386393201,2457828.68405,2457828.68405,0.99907595105,0.000310442151246
291,0.000493314657034,0.999074126887,2457828.68424,2457828.68424,0.999075362595,-1.23570754085e-06
292,0.000493817526205,0.999319521545,2457828.68443,2457828.68443,0.999074791934,0.000244729611118
293,0.000496834741233,0.999088196239,2457828.68462,2457828.68462,0.999074235793,1.39604454096e-05
294,0.000500354825432,0.999559379165,2457828.68481,2457828.68481,0.999073693996,0.000485685169012
295,0.000517955246427,0.999416553345,2457828.6852,2457828.6852,0.999072652743,0.000343900601731
296,0.000524995414825,0.998412318122,2457828.68539,2457828.68539,0.999072152958,-0.00065983483594
297,0.000528012629853,0.999764506907,2457828.68558,2457828.68558,0.999071669353,0.000692837554024
298,0.000518458115598,0.998942813193,2457828.68577,2457828.68577,0.99907119671,-0.000128383516727
299,0.000517955246427,0.998498795147,2457828.68597,2457828.68597,0.999070735093,-0.00057193994636
300,0.000513932293057,0.99897802398,2457828.68616,2457828.68616,0.999070289142,-9.22651619216e-05
301,0.000509909339687,0.998860347106,2457828.68635,2457828.68635,0.99906985629,-0.000209509184114
302,0.000509909339687,0.999896734051,2457828.68654,2457828.68654,0.999069438559,0.000827295492143
303,0.000505886386316,0.998870372585,2457828.68673,2457828.68673,0.999069031444,-0.000198658858984
304,0.000505383517145,0.998811028535,2457828.68693,2457828.68693,0.999068637041,-0.000257608505803
305,0.000505886386316,0.998376544074,2457828.68712,2457828.68712,0.99906825523,-0.000691711156149
306,0.000505383517145,0.99862847605,2457828.68731,2457828.68731,0.999067885891,-0.000439409840684
307,0.00050739499383,0.99913433602,2457828.6875,2457828.6875,0.999067530743,6.68052767909e-05
308,0.000508400732173,0.998347340269,2457828.68769,2457828.68769,0.999067185957,-0.000719845688019
309,0.000511920816372,0.999891625097,2457828.68788,2457828.68788,0.99906685502,0.000824770076983
310,0.000515943769742,0.999293205286,2457828.68807,2457828.68807,0.999066534369,0.000226670916553
311,0.00051896098477,0.999475783156,2457828.68827,2457828.68827,0.999066222517,0.000409560639569
312,0.000524492545654,0.998594248011,2457828.68846,2457828.68846,0.999065925799,-0.000471677788014
313,0.000532035583223,0.999666359587,2457828.68865,2457828.68865,0.999065640852,0.000600718735435
314,0.000533041321566,1.00001938919,2457828.68885,2457828.68885,0.999065366194,0.000954022993295
315,0.000536058536594,0.998996024007,2457828.68904,2457828.68904,0.999065105924,-6.90819174107e-05
316,0.000536058536594,0.998504715339,2457828.68923,2457828.68923,0.999064855785,-0.000560140446086
317,0.000541087228306,0.999429108935,2457828.68943,2457828.68943,0.999064609819,0.000364499115446
318,0.000532538452395,0.999360734159,2457828.68962,2457828.68962,0.999064381709,0.000296352449887
319,0.000535052798251,0.99807906162,2457828.68982,2457828.68982,0.999064158472,-0.000985096851627
320,0.000535052798251,0.998963603015,2457828.69001,2457828.69001,0.999063954534,-0.000100351519389
321,0.000533544190737,0.998976169247,2457828.6902,2457828.6902,0.999063761779,-8.75925322477e-05
322,0.000532538452395,0.997920180348,2457828.6904,2457828.6904,0.999063578314,-0.00114339796597
323,0.000534047059908,1.00036359524,2457828.69059,2457828.69059,0.999063408728,0.00130018651612
324,0.000532035583223,0.999159218082,2457828.69078,2457828.69078,0.999063249247,9.59688351052e-05
325,0.00053454992908,0.999445848022,2457828.69097,2457828.69097,0.999063100738,0.00038274728355
326,0.000536058536594,0.99826462378,2457828.69117,2457828.69117,0.999062962471,-0.000798338691366
327,0.000539578620793,0.999159704488,2457828.69136,2457828.69136,0.99906283647,9.68680175027e-05
328,0.000543601574163,0.99939051595,2457828.69155,2457828.69155,0.999062720634,0.000327795316334
329,0.000552653219246,0.998971117573,2457828.69174,2457828.69174,0.999062615615,-9.14980416136e-05
330,0.000559190518473,1.00001003978,2457828.69193,2457828.69193,0.999062521384,0.000947518399686
331,0.000563213471843,0.999003269296,2457828.69212,2457828.69212,0.99906243832,-5.91690241746e-05
332,0.000567236425213,1.00012717641,2457828.69232,2457828.69232,0.999062365529,0.00106481087744
333,0.000558687649302,0.997746085392,2457828.69251,2457828.69251,0.999062303452,-0.00131621805917
334,0.000558687649302,0.999975298941,2457828.6927,2457828.6927,0.999062252071,0.000913046870392
335,0.000553658957589,0.998423627506,2457828.6929,2457828.6929,0.999062209725,-0.000638582219052
336,0.00055416182676,0.99847187653,2457828.69309,2457828.69309,0.999062180321,-0.000590303791281
337,0.000554664695931,0.998356714002,2457828.69328,2457828.69328,0.999062161395,-0.000705447393325
338,0.000548630265876,0.99824869626,2457828.69348,2457828.69348,0.999062153051,-0.000813456791219
339,0.000549133135047,0.997770441261,2457828.69367,2457828.69367,0.999062155668,-0.00129171440721
340,0.000550641742561,0.998202400401,2457828.69386,2457828.69386,0.999062168924,-0.000859768523139
341,0.000549636004218,0.998732942809,2457828.69406,2457828.69406,0.99906219299,-0.000329250180974
342,0.000551647480904,0.999083940003,2457828.69425,2457828.69425,0.999062227622,2.17123804357e-05
343,0.000552653219246,0.998664541626,2457828.69444,2457828.69444,0.999062272929,-0.00039773130262
344,0.000564722079357,0.99838494087,2457828.69463,2457828.69463,0.999062328922,-0.000677388052939
345,0.000572767986098,0.999846273203,2457828.69482,2457828.69482,0.99906239562,0.000783877583286
346,0.000580311023667,0.998657003036,2457828.69502,2457828.69502,0.999062473472,-0.000405470436299
347,0.000597911444662,0.999099501499,2457828.69521,2457828.69521,0.999062561207,3.69402920475e-05
348,0.00060495161306,0.99845129765,2457828.6954,2457828.6954,0.999062660145,-0.000611362495391
349,0.000606963089745,0.998963694918,2457828.69559,2457828.69559,0.999062769284,-9.90743656627e-05
350,0.000602940136375,1.00023192548,2457828.69578,2457828.69578,0.999062889799,0.00116903568189
351,0.000595899967977,1.00054017879,2457828.69598,2457828.69598,0.999063021181,0.00147715761353
352,0.000608471697259,0.997975540524,2457828.69617,2457828.69617,0.99906316347,-0.00108762294629
353,0.000621043426541,1.00025302952,2457828.69636,2457828.69636,0.999063316708,0.00118971281469
354,0.000566733556042,1.00011225632,2457828.70117,2457828.70117,0.99907091727,0.00104133905129
355,0.000555167565103,0.999158308015,2457828.70136,2457828.70136,0.999071381799,8.69262168581e-05
356,0.000552653219246,0.998628781281,2457828.70155,2457828.70155,0.999071859767,-0.000443078486186
357,0.000549133135047,0.998876669375,2457828.70174,2457828.70174,0.999072348732,-0.00019567935667
358,0.000545110181677,1.00112402806,2457828.70194,2457828.70194,0.9990728593,0.00205116876255
359,0.000539075751621,0.998260664584,2457828.70213,2457828.70213,0.999073375841,-0.000812711256246
360,0.000540081489964,0.998792799307,2457828.70232,2457828.70232,0.999073923197,-0.000281123889425
361,0.000533544190737,0.998187339328,2457828.70252,2457828.70252,0.999074471085,-0.000887131757724
362,0.000526001153168,0.998254718319,2457828.70271,2457828.70271,0.999075033395,-0.000820315076302
363,0.000520972461455,0.998695729084,2457828.7029,2457828.7029,0.9990756103,-0.000379881216055
364,0.0005114179472,0.998390984879,2457828.70309,2457828.70309,0.999076201992,-0.000685217113147
365,0.00050337204046,0.998402518965,2457828.70347,2457828.70347,0.999077427222,-0.000674908257079
366,0.000501360563775,0.999185501707,2457828.70367,2457828.70367,0.99907806772,0.000107433986664
367,0.000498846217918,0.999403762359,2457828.70386,2457828.70386,0.999078723965,0.000325038393884
368,0.000497337610404,0.999461560409,2457828.70424,2457828.70424,0.999080073759,0.00038148664978
369,0.000496834741233,0.999955387889,2457828.70463,2457828.70463,0.999081495791,0.000873892098328
370,0.000495829002891,0.999241811038,2457828.70482,2457828.70482,0.999082229975,0.000159581062788
371,0.000494823264548,0.998087197004,2457828.70501,2457828.70501,0.999082977183,-0.000995780179079
372,0.000495326133719,0.998960172407,2457828.7052,2457828.7052,0.999083745495,-0.000123573088174
373,0.000494823264548,0.998918994416,2457828.7054,2457828.7054,0.999084543722,-0.000165549306013
374,0.000495326133719,0.999717545172,2457828.70559,2457828.70559,0.999085347581,0.000632197591823
375,0.000494320395377,0.99957474576,2457828.70578,2457828.70578,0.99908617382,0.000488571939468
376,0.000493314657034,0.998901901321,2457828.70598,2457828.70598,0.99908701417,-0.000185112848902
377,0.000493314657034,0.999174450924,2457828.70617,2457828.70617,0.999087873158,8.65777659441e-05
378,0.000493314657034,0.999523939501,2457828.70636,2457828.70636,0.999088751088,0.000435188412864
379,0.000493314657034,0.999611936128,2457828.70655,2457828.70655,0.999089648279,0.000522287848706
380,0.000492308918691,0.998550876679,2457828.70674,2457828.70674,0.999090565046,-0.000539688366967
381,0.000492308918691,0.998862126279,2457828.70693,2457828.70693,0.999091496796,-0.000229370516433
382,0.000492811787863,0.999838210782,2457828.70713,2457828.70713,0.999092458664,0.000745752118905
383,0.000492308918691,0.998951646946,2457828.70732,2457828.70732,0.999093436206,-0.00014178926035
384,0.000492308918691,0.999542009865,2457828.70751,2457828.70751,0.999094434718,0.000447575147067
385,0.000494823264548,0.998819863318,2457828.7077,2457828.7077,0.999095449204,-0.000275585885811
386,0.000495326133719,1.00055683072,2457828.7079,2457828.7079,0.999096507119,0.00146032359814
387,0.000493314657034,0.999281067071,2457828.70809,2457828.70809,0.999097576659,0.000183490412175
388,0.000494320395377,0.999444494064,2457828.70828,2457828.70828,0.999098663252,0.000345830811687
389,0.000493314657034,0.998261740286,2457828.70848,2457828.70848,0.999099772805,-0.000838032519527
390,0.000492308918691,0.998155629393,2457828.70867,2457828.70867,0.999100905748,-0.000945276354783
391,0.000492308918691,0.998805828256,2457828.70905,2457828.70905,0.999103243619,-0.000297415362455
392,0.00049180604952,0.999238311176,2457828.70924,2457828.70924,0.999104455825,0.000133855350738
393,0.000492308918691,0.99957070221,2457828.70944,2457828.70944,0.999105687084,0.000465015125647
394,0.000493314657034,0.999003481227,2457828.70963,2457828.70963,0.999106950735,-0.000103469508221
395,0.000493314657034,0.998574528326,2457828.70982,2457828.70982,0.999108234199,-0.000533705872527
396,0.000492811787863,0.998708306967,2457828.71001,2457828.71001,0.999109551399,-0.000401244431948
397,0.000492811787863,0.999708005392,2457828.71021,2457828.71021,0.999110889239,0.000597116153242
398,0.00049180604952,0.998447285963,2457828.7104,2457828.7104,0.999112247859,-0.000664961896208
399,0.000492811787863,0.999936297021,2457828.71059,2457828.71059,0.999113649419,0.000822647601994
400,0.000492308918691,0.998224524864,2457828.71078,2457828.71078,0.999115072961,-0.000890548096444
401,0.000492811787863,0.999108039591,2457828.71097,2457828.71097,0.999116518668,-8.47907662183e-06
402,0.000492308918691,0.998787748281,2457828.71117,2457828.71117,0.999118017936,-0.00033026965595
403,0.000491303180349,0.998843079331,2457828.71136,2457828.71136,0.999119541031,-0.000276461699491
404,0.00049180604952,0.999258946648,2457828.71155,2457828.71155,0.999121088159,0.000137858488674
405,0.000490800311178,0.998094903646,2457828.71175,2457828.71175,0.999122709438,-0.00102780579174
406,0.000490800311178,0.998448415186,2457828.71194,2457828.71194,0.999124323338,-0.000675908152311
407,0.000490297442006,0.997849471586,2457828.71213,2457828.71213,0.999125962683,-0.00127649109717
408,0.000490800311178,0.999312312518,2457828.71232,2457828.71232,0.999127645445,0.000184667072509
409,0.000490800311178,0.999637684304,2457828.71252,2457828.71252,0.999129373008,0.000508311295722
410,0.000491303180349,0.999859967909,2457828.71271,2457828.71271,0.999131137581,0.000728830328633
411,0.000490297442006,0.998821013794,2457828.7129,2457828.7129,0.999132921204,-0.000311907410284
412,0.000490800311178,0.999561755515,2457828.71309,2457828.71309,0.999134762164,0.000426993351691
413,0.000491303180349,0.999902674406,2457828.71329,2457828.71329,0.999136623275,0.000766051131781
414,0.000490800311178,0.99908299217,2457828.71348,2457828.71348,0.999138534458,-5.55422888456e-05
415,0.000490800311178,0.999347013916,2457828.71367,2457828.71367,0.999140497401,0.000206516515079
416,0.000491303180349,1.00030748855,2457828.71386,2457828.71386,0.99914249286,0.00116499568634
417,0.000491303180349,0.999475255499,2457828.71405,2457828.71405,0.99914454276,0.00033071273948
418,0.000490800311178,0.999593968985,2457828.71425,2457828.71425,0.999146649001,0.000447319983915
419,0.000490800311178,0.99932497034,2457828.71444,2457828.71444,0.999148802344,0.000176167996072
420,0.000490297442006,0.999041341152,2457828.71483,2457828.71483,0.999153208744,-0.000111867591604
421,0.000490800311178,1.00034982217,2457828.71502,2457828.71502,0.999155498487,0.00119432368088
422,0.000489794572835,0.998823105876,2457828.71521,2457828.71521,0.999157828132,-0.000334722256021
423,0.000489794572835,0.99827144741,2457828.7156,2457828.7156,0.999162648484,-0.000891201074119
424,0.000490800311178,0.999389341019,2457828.71579,2457828.71579,0.999165155608,0.000224185411568
425,0.000489794572835,0.998562115745,2457828.71598,2457828.71598,0.999167708072,-0.000605592327381
426,0.000490297442006,0.999194719675,2457828.71617,2457828.71617,0.99917032056,2.43991146328e-05
427,0.000490297442006,0.999058939511,2457828.71637,2457828.71637,0.999172995001,-0.000114055489538
428,0.000490297442006,0.998915113431,2457828.71656,2457828.71656,0.999175733414,-0.000260619983116
429,0.000490800311178,0.999261584812,2457828.71675,2457828.71675,0.999178537952,8.30468594286e-05
430,0.000490297442006,0.998760197831,2457828.71694,2457828.71694,0.999181395694,-0.00042119786252
431,0.000490800311178,0.999257529944,2457828.71713,2457828.71713,0.999184338924,7.31910200555e-05
432,0.000489794572835,0.998614899505,2457828.71733,2457828.71733,0.999187387185,-0.00057248768043
433,0.000490800311178,0.999363666213,2457828.71752,2457828.71752,0.999190480279,0.000173185933777
434,0.000491303180349,1.00034174126,2457828.71771,2457828.71771,0.999193652038,0.00114808922548
435,0.000490297442006,0.998991050101,2457828.7179,2457828.7179,0.999196922578,-0.000205872476584
436,0.000490800311178,0.999759931577,2457828.71809,2457828.71809,0.999200261165,0.000559670411777
437,0.000490800311178,0.999909760182,2457828.71829,2457828.71829,0.99920366978,0.000706090402904
438,0.000490297442006,0.99969404474,2457828.71848,2457828.71848,0.999207206198,0.000486838541541
439,0.000490800311178,1.00005107636,2457828.71867,2457828.71867,0.999210819964,0.000840256399748
440,0.000490297442006,0.999135848985,2457828.71886,2457828.71886,0.999214533183,-7.86841988077e-05
441,0.000490297442006,0.998721982159,2457828.71905,2457828.71905,0.999218350154,-0.000496367994371
442,0.000489794572835,0.99873505128,2457828.71925,2457828.71925,0.999222275516,-0.000487224236088
443,0.000490297442006,0.999573328691,2457828.71944,2457828.71944,0.999226314182,0.000347014508668
444,0.000490297442006,0.999629162611,2457828.71963,2457828.71963,0.999230493483,0.000398669127244
445,0.000490800311178,0.999847381414,2457828.71982,2457828.71982,0.999234753211,0.000612628202639
446,0.000490800311178,0.999657333219,2457828.72002,2457828.72002,0.99923921216,0.000418121058325
447,0.000491303180349,0.999648312447,2457828.7204,2457828.7204,0.999248508624,0.000399803823851
448,0.00049180604952,0.999648809829,2457828.72059,2457828.72059,0.999253358578,0.000395451251123
449,0.000491303180349,1.00004858533,2457828.72079,2457828.72079,0.999258369918,0.000790215414826
450,0.000491303180349,1.00010138111,2457828.72098,2457828.72098,0.999263552171,0.000837828937214
451,0.00049180604952,0.998943246999,2457828.72117,2457828.72117,0.999268887402,-0.000325640403217
452,0.00049180604952,0.999885136389,2457828.72136,2457828.72136,0.999274472453,0.00061066393623
453,0.00049180604952,0.999852947265,2457828.72155,2457828.72155,0.999280234908,0.000572712357075
454,0.000490800311178,0.998201016559,2457828.72175,2457828.72175,0.999286217567,-0.00108520100763
455,0.00049180604952,0.999556222559,2457828.72194,2457828.72194,0.999292403427,0.000263819131469
456,0.000492308918691,0.999627666342,2457828.72213,2457828.72213,0.999298944178,0.000328722164146
457,0.00049180604952,0.999490377571,2457828.72232,2457828.72232,0.999305693993,0.000184683577696
458,0.000490800311178,0.998368507314,2457828.72271,2457828.72271,0.999320195904,-0.000951688590283
459,0.000491303180349,0.999257071652,2457828.7229,2457828.7229,0.999327932559,-7.08609073494e-05
460,0.000490800311178,0.998775820367,2457828.72309,2457828.72309,0.999336065477,-0.000560245110115
461,0.000490800311178,0.998806007949,2457828.72329,2457828.72329,0.999344686003,-0.000538678053602
462,0.00049180604952,1.00037097317,2457828.72348,2457828.72348,0.999353857938,0.00101711523348
463,0.000491303180349,0.999822337418,2457828.72367,2457828.72367,0.999363505378,0.000458832039855
464,0.000491303180349,0.998884480926,2457828.72387,2457828.72387,0.999373808121,-0.000489327195043
465,0.00049180604952,1.00007679917,2457828.72406,2457828.72406,0.999384940523,0.000691858650123
466,0.000490800311178,0.998248843318,2457828.72425,2457828.72425,0.999396876125,-0.0011480328066
467,0.000490800311178,0.998523907258,2457828.72444,2457828.72444,0.999410011511,-0.000886104252858
468,0.000490297442006,0.998200556903,2457828.72463,2457828.72463,0.999424638882,-0.00122408197922
469,0.000490800311178,0.998232253083,2457828.72483,2457828.72483,0.999441649937,-0.00120939685436
470,0.000490800311178,0.998706474153,2457828.72502,2457828.72502,0.999475470772,-0.000768996619179
471,0.000491303180349,0.999693663617,2457828.72521,2457828.72521,0.999527583978,0.000166079638828
472,0.00049180604952,0.999457833417,2457828.72541,2457828.72541,0.999586852813,-0.000129019395677
473,0.000491303180349,0.998845333279,2457828.7256,2457828.7256,0.9996495828,-0.000804249521309
474,0.00049180604952,0.999465359992,2457828.72598,2457828.72598,0.999776284755,-0.000310924762986
475,0.00049180604952,1.00003510527,2457828.72617,2457828.72617,0.999836083128,0.000199022138145
476,0.000492308918691,0.999894799279,2457828.72637,2457828.72637,0.999890874373,3.92490622281e-06
477,0.000493314657034,1.00059933442,2457828.72656,2457828.72656,0.999938723386,0.000660611034716
478,0.000493817526205,0.999944614191,2457828.72675,2457828.72675,0.999976508876,-3.18946844408e-05
479,0.000493314657034,0.999913430825,2457828.72695,2457828.72695,0.999998951092,-8.55202672905e-05
480,0.000492811787863,0.99946239353,2457828.72714,2457828.72714,1.0,-0.000537606470364
481,0.000492811787863,0.999180781306,2457828.72733,2457828.72733,1.0,-0.000819218693912
482,0.000493314657034,1.00062350747,2457828.72752,2457828.72752,1.0,0.000623507470889
483,0.000492308918691,0.999414604495,2457828.72772,2457828.72772,1.0,-0.000585395504515
484,0.000492308918691,1.00018702698,2457828.72791,2457828.72791,1.0,0.000187026984283
485,0.000492308918691,0.999296922134,2457828.7281,2457828.7281,1.0,-0.000703077865849
486,0.000492811787863,0.999545459564,2457828.7283,2457828.7283,1.0,-0.00045454043614
487,0.000492811787863,1.00151971843,2457828.72849,2457828.72849,1.0,0.00151971843297
488,0.000492308918691,1.00030075807,2457828.72868,2457828.72868,1.0,0.00030075807414
489,0.00049180604952,0.999430768001,2457828.72887,2457828.72887,1.0,-0.000569231999397
490,0.000492308918691,0.999969377235,2457828.72907,2457828.72907,1.0,-3.06227654102e-05
491,0.000492308918691,1.00036008017,2457828.72926,2457828.72926,1.0,0.000360080173474
492,0.000492308918691,1.00007997656,2457828.72945,2457828.72945,1.0,7.997655744e-05
493,0.000492308918691,1.00047422049,2457828.72964,2457828.72964,1.0,0.00047422049036
494,0.000492308918691,1.00032788008,2457828.72983,2457828.72983,1.0,0.000327880083633
495,0.00049180604952,0.999594691335,2457828.73002,2457828.73002,1.0,-0.000405308665475
496,0.00049180604952,1.00078447431,2457828.73022,2457828.73022,1.0,0.000784474306167
497,0.000491303180349,0.999453080488,2457828.73042,2457828.73042,1.0,-0.000546919512244
498,0.00049180604952,0.999545602937,2457828.73061,2457828.73061,1.0,-0.00045439706261
499,0.000490800311178,0.998811932248,2457828.7308,2457828.7308,1.0,-0.00118806775156
500,0.000492308918691,1.00038791874,2457828.731,2457828.731,1.0,0.000387918743628
501,0.000493314657034,1.00068158885,2457828.73119,2457828.73119,1.0,0.000681588852034
502,0.000492811787863,0.999664404578,2457828.73139,2457828.73139,1.0,-0.000335595422391
503,0.000492811787863,1.00058364393,2457828.73158,2457828.73158,1.0,0.000583643925355
504,0.00049180604952,0.998752670856,2457828.73177,2457828.73177,1.0,-0.00124732914426
505,0.00049180604952,0.999041333202,2457828.73196,2457828.73196,1.0,-0.000958666798239
506,0.000492308918691,0.999442114444,2457828.73215,2457828.73215,1.0,-0.000557885556348
507,0.000491303180349,0.999116752592,2457828.73235,2457828.73235,1.0,-0.000883247407541
508,0.000492308918691,1.00088533799,2457828.73254,2457828.73254,1.0,0.000885337989998
509,0.00049180604952,0.999842381831,2457828.73273,2457828.73273,1.0,-0.000157618168624
510,0.000492308918691,0.999793618963,2457828.73292,2457828.73292,1.0,-0.00020638103654
511,0.00049180604952,0.998804469816,2457828.73312,2457828.73312,1.0,-0.00119553018409
512,0.000492811787863,1.00045397983,2457828.73331,2457828.73331,1.0,0.000453979827503
513,0.000492308918691,0.999628786949,2457828.7335,2457828.7335,1.0,-0.000371213050627
514,0.000493314657034,1.00012106945,2457828.7337,2457828.7337,1.0,0.000121069451114
515,0.000492811787863,0.999954697966,2457828.73389,2457828.73389,1.0,-4.53020343968e-05
516,0.000492308918691,0.999354748637,2457828.73408,2457828.73408,1.0,-0.000645251362951
517,0.000492308918691,0.999358787022,2457828.73428,2457828.73428,1.0,-0.000641212977626
518,0.00049180604952,0.999498076295,2457828.73447,2457828.73447,1.0,-0.000501923704805
519,0.000492308918691,0.99971482834,2457828.73466,2457828.73466,1.0,-0.000285171660024
520,0.000492308918691,0.99953429282,2457828.73485,2457828.73485,1.0,-0.000465707180143
521,0.000493314657034,0.999481014074,2457828.73543,2457828.73543,1.0,-0.000518985926272
522,0.000493314657034,1.00043595713,2457828.73562,2457828.73562,1.0,0.000435957132636
523,0.000493314657034,0.999861151263,2457828.73581,2457828.73581,1.0,-0.000138848737354
524,0.000493817526205,1.00072207872,2457828.73601,2457828.73601,1.0,0.000722078715847
525,0.000492811787863,0.999655466796,2457828.7362,2457828.7362,1.0,-0.000344533203664
526,0.000493314657034,1.00038210726,2457828.73639,2457828.73639,1.0,0.000382107261222
527,0.000492308918691,0.999222485455,2457828.73658,2457828.73658,1.0,-0.000777514545139
528,0.000493314657034,1.00099109177,2457828.73678,2457828.73678,1.0,0.000991091771982
529,0.000492811787863,0.999720880597,2457828.73697,2457828.73697,1.0,-0.000279119403157
530,0.000492811787863,1.00019908277,2457828.73716,2457828.73716,1.0,0.000199082771532
531,0.000493314657034,0.999611244142,2457828.73735,2457828.73735,1.0,-0.00038875585775
532,0.000493817526205,1.00045002443,2457828.73754,2457828.73754,1.0,0.000450024432334
533,0.000494320395377,1.00094790127,2457828.73774,2457828.73774,1.0,0.000947901273189
534,0.000493817526205,1.00069444972,2457828.73793,2457828.73793,1.0,0.000694449723234
535,0.000493817526205,1.00033847563,2457828.73813,2457828.73813,1.0,0.000338475630822
536,0.000493314657034,0.999967855564,2457828.73832,2457828.73832,1.0,-3.21444360432e-05
537,0.000492811787863,0.999248244292,2457828.73851,2457828.73851,1.0,-0.000751755707783
538,0.000493817526205,0.999326183526,2457828.7387,2457828.7387,1.0,-0.000673816473859
539,0.000493817526205,0.999026468003,2457828.73889,2457828.73889,1.0,-0.000973531997317
540,0.000494320395377,1.00012422593,2457828.73909,2457828.73909,1.0,0.000124225925723
541,0.000494320395377,0.999556984003,2457828.73928,2457828.73928,1.0,-0.00044301599686
542,0.000495326133719,1.00034698598,2457828.73947,2457828.73947,1.0,0.000346985983608
543,0.000495326133719,1.00089213253,2457828.73966,2457828.73966,1.0,0.000892132526565
544,0.000494823264548,1.00120390593,2457828.73986,2457828.73986,1.0,0.00120390592514
545,0.000494823264548,1.00053910739,2457828.74005,2457828.74005,1.0,0.000539107393069
546,0.000494320395377,1.0000749955,2457828.74024,2457828.74024,1.0,7.49954995056e-05
547,0.000494320395377,0.999819532473,2457828.74043,2457828.74043,1.0,-0.000180467527135
548,0.000494823264548,1.00054263193,2457828.74063,2457828.74063,1.0,0.000542631933971
549,0.000494320395377,0.999309213906,2457828.74082,2457828.74082,1.0,-0.000690786093852
550,0.000495326133719,1.0004220579,2457828.74102,2457828.74102,1.0,0.000422057904327
551,0.000494823264548,0.999095483533,2457828.74121,2457828.74121,1.0,-0.000904516466902
552,0.000494823264548,0.99839496037,2457828.7414,2457828.7414,1.0,-0.00160503962971
553,0.000495829002891,0.998334610582,2457828.74159,2457828.74159,1.0,-0.00166538941789
554,0.000496834741233,1.0007198127,2457828.74198,2457828.74198,1.0,0.000719812703668
555,0.000496834741233,1.00062225059,2457828.74217,2457828.74217,1.0,0.000622250587068
556,0.000495829002891,1.00009724969,2457828.74236,2457828.74236,1.0,9.72496943608e-05
557,0.000495326133719,0.999540588954,2457828.74256,2457828.74256,1.0,-0.0004594110463
558,0.000496331872062,1.0005332472,2457828.74275,2457828.74275,1.0,0.000533247200454
559,0.000496331872062,1.00074612277,2457828.74295,2457828.74295,1.0,0.000746122767907
560,0.000495326133719,0.999933480709,2457828.74314,2457828.74314,1.0,-6.65192907782e-05
561,0.000494320395377,0.999113798463,2457828.74333,2457828.74333,1.0,-0.000886201537348
562,0.000494320395377,0.999443172282,2457828.74352,2457828.74352,1.0,-0.00055682771778
563,0.000494320395377,1.00045493957,2457828.74372,2457828.74372,1.0,0.000454939567226
564,0.000493817526205,0.999897796877,2457828.74391,2457828.74391,1.0,-0.000102203123025
565,0.000494320395377,1.00046854791,2457828.7441,2457828.7441,1.0,0.000468547908505
566,0.000493817526205,1.00041274486,2457828.7443,2457828.7443,1.0,0.000412744862447
567,0.000494320395377,1.0007159904,2457828.74449,2457828.74449,1.0,0.000715990404689
568,0.000493817526205,0.999909382766,2457828.74468,2457828.74468,1.0,-9.06172336835e-05
569,0.000493817526205,0.999971251106,2457828.74487,2457828.74487,1.0,-2.87488936601e-05
570,0.000493817526205,0.999595099488,2457828.74507,2457828.74507,1.0,-0.000404900511666
571,0.000494823264548,1.00065061638,2457828.74526,2457828.74526,1.0,0.000650616381499
572,0.000493817526205,0.99982186157,2457828.74545,2457828.74545,1.0,-0.000178138429736
573,0.000494823264548,1.00007986982,2457828.74564,2457828.74564,1.0,7.98698164152e-05
574,0.000494823264548,0.999424625799,2457828.74583,2457828.74583,1.0,-0.0005753742014
575,0.000494823264548,1.00011355108,2457828.74603,2457828.74603,1.0,0.000113551075639
576,0.000493817526205,0.999253157356,2457828.74622,2457828.74622,1.0,-0.00074684264448
577,0.000493817526205,1.00072203272,2457828.74641,2457828.74641,1.0,0.000722032717228
578,0.000493314657034,0.999299892294,2457828.7466,2457828.7466,1.0,-0.000700107706384
579,0.000493817526205,0.999840974025,2457828.74679,2457828.74679,1.0,-0.000159025975447
580,0.000494823264548,1.00074917119,2457828.74699,2457828.74699,1.0,0.000749171189599
581,0.000494320395377,1.00005925012,2457828.74718,2457828.74718,1.0,5.92501185466e-05
582,0.000494320395377,0.999957685978,2457828.74737,2457828.74737,1.0,-4.23140220986e-05
583,0.000495326133719,1.00036198731,2457828.74757,2457828.74757,1.0,0.000361987313735
584,0.000495326133719,0.999803482482,2457828.74777,2457828.74777,1.0,-0.000196517517731
585,0.000496331872062,0.999816027804,2457828.74796,2457828.74796,1.0,-0.000183972195656
586,0.000496834741233,1.00011874956,2457828.74815,2457828.74815,1.0,0.000118749557833
587,0.000496331872062,1.00004733665,2457828.74834,2457828.74834,1.0,4.73366478844e-05
588,0.000496331872062,1.00003727378,2457828.74853,2457828.74853,1.0,3.72737768326e-05
589,0.000496331872062,1.00029169916,2457828.74872,2457828.74872,1.0,0.000291699160554
590,0.000495829002891,0.999706353958,2457828.74892,2457828.74892,1.0,-0.000293646042452
591,0.000496331872062,1.00039175915,2457828.74911,2457828.74911,1.0,0.000391759150388
592,0.000495829002891,0.99930103042,2457828.7493,2457828.7493,1.0,-0.000698969579506
593,0.000496834741233,1.00029067146,2457828.74949,2457828.74949,1.0,0.000290671461963
594,0.000497840479576,1.0009916656,2457828.74968,2457828.74968,1.0,0.000991665599114
595,0.000497337610404,1.00059743161,2457828.74988,2457828.74988,1.0,0.000597431610522
596,0.000496331872062,1.00033140832,2457828.75007,2457828.75007,1.0,0.000331408321541
597,0.000495829002891,0.999309069809,2457828.75026,2457828.75026,1.0,-0.000690930191315
598,0.000496331872062,1.00009808698,2457828.75045,2457828.75045,1.0,9.80869801357e-05
599,0.000496331872062,1.00009707574,2457828.75065,2457828.75065,1.0,9.70757444235e-05
600,0.000495829002891,0.999796857371,2457828.75084,2457828.75084,1.0,-0.000203142628718
601,0.000496331872062,0.999886844536,2457828.75103,2457828.75103,1.0,-0.000113155464008
602,0.000496834741233,1.00037411927,2457828.75122,2457828.75122,1.0,0.0003741192656
603,0.000496834741233,0.999803901996,2457828.75142,2457828.75142,1.0,-0.000196098003617
604,0.000500354825432,1.00048088395,2457828.75161,2457828.75161,1.0,0.000480883950286
605,0.000502366302117,1.00066293803,2457828.75181,2457828.75181,1.0,0.000662938031991
606,0.000501863432946,1.00075594241,2457828.752,2457828.752,1.0,0.000755942411728
607,0.000499851956261,0.999413276237,2457828.75219,2457828.75219,1.0,-0.000586723763238
608,0.000500354825432,1.00064530022,2457828.75238,2457828.75238,1.0,0.000645300218793
609,0.000501360563775,1.00050398848,2457828.75257,2457828.75257,1.0,0.000503988484291
610,0.000504880647974,0.999869341183,2457828.75276,2457828.75276,1.0,-0.000130658817082
611,0.000505886386316,1.00053262013,2457828.75296,2457828.75296,1.0,0.000532620132221
612,0.000505886386316,1.00008003238,2457828.75315,2457828.75315,1.0,8.00323806917e-05
613,0.000505383517145,0.999750647596,2457828.75334,2457828.75334,1.0,-0.000249352404385
614,0.000504377778802,1.0004194581,2457828.75353,2457828.75353,1.0,0.000419458096059
615,0.000504377778802,1.00105155916,2457828.75372,2457828.75372,1.0,0.00105155915674
616,0.000501360563775,0.999957310352,2457828.75392,2457828.75392,1.0,-4.26896476068e-05
617,0.000500857694603,1.00061505774,2457828.75411,2457828.75411,1.0,0.000615057740813
618,0.000499851956261,1.00000253668,2457828.7543,2457828.7543,1.0,2.53668297578e-06
619,0.000498343348747,0.999833079707,2457828.75468,2457828.75468,1.0,-0.000166920293163
620,0.000498343348747,1.00045663199,2457828.75488,2457828.75488,1.0,0.000456631991609
621,0.000497840479576,1.00025296449,2457828.75507,2457828.75507,1.0,0.000252964489611
622,0.000497840479576,0.99994421826,2457828.75526,2457828.75526,1.0,-5.57817398615e-05
623,0.000497840479576,0.999845671335,2457828.75545,2457828.75545,1.0,-0.000154328665479
624,0.000498846217918,1.00079860292,2457828.75565,2457828.75565,1.0,0.000798602916743
625,0.000498846217918,0.999627415139,2457828.75584,2457828.75584,1.0,-0.00037258486107
626,0.000498846217918,1.00012826734,2457828.75603,2457828.75603,1.0,0.000128267336163
627,0.000498846217918,0.999297019118,2457828.75622,2457828.75622,1.0,-0.000702980881859
628,0.00049934908709,0.999507715804,2457828.75641,2457828.75641,1.0,-0.000492284196459
629,0.000499851956261,0.999039560037,2457828.75661,2457828.75661,1.0,-0.000960439962973
630,0.000501863432946,1.00213823439,2457828.7568,2457828.7568,1.0,0.00213823439262
631,0.000500857694603,0.999564041607,2457828.75699,2457828.75699,1.0,-0.000435958392571
632,0.000502869171289,0.99939406634,2457828.75718,2457828.75718,1.0,-0.000605933660093
633,0.000504880647974,1.00070604652,2457828.75738,2457828.75738,1.0,0.000706046520173
634,0.000504377778802,0.999634950617,2457828.75757,2457828.75757,1.0,-0.000365049382717
635,0.000504377778802,1.00034044966,2457828.75776,2457828.75776,1.0,0.000340449657394
636,0.000504880647974,1.00026903674,2457828.75795,2457828.75795,1.0,0.000269036737701
637,0.000505383517145,0.999893890848,2457828.75814,2457828.75814,1.0,-0.000106109151706
638,0.000505886386316,1.00038468567,2457828.75833,2457828.75833,1.0,0.000384685671846
639,0.000504880647974,1.00041187697,2457828.75853,2457828.75853,1.0,0.000411876968375
640,0.000505886386316,1.00181591857,2457828.75892,2457828.75892,1.0,0.00181591856827
641,0.000504377778802,0.999991985667,2457828.75911,2457828.75911,1.0,-8.01433294761e-06
642,0.000504880647974,0.999280587698,2457828.75931,2457828.75931,1.0,-0.000719412302323
643,0.000504880647974,0.999447534775,2457828.7595,2457828.7595,1.0,-0.000552465225081
644,0.000505886386316,1.00083494533,2457828.75969,2457828.75969,1.0,0.000834945330878
645,0.000505383517145,0.999974530681,2457828.75988,2457828.75988,1.0,-2.54693185667e-05
646,0.000506389255488,1.00037782628,2457828.76007,2457828.76007,1.0,0.000377826278924
647,0.000505886386316,0.998529273708,2457828.76027,2457828.76027,1.0,-0.0014707262921
648,0.00050739499383,0.999707972628,2457828.76046,2457828.76046,1.0,-0.000292027371553
